Borough,Address,Building Class
QN,40-34 JUNCTION BOULEVARD,O8
MN,148 WEST 37 STREET,O6
MN,37 EAST 28 STREET,O6
MN,35 EAST 28 STREET,O5
MN,35 WEST 37 STREET,O6
QN,157-11 ROCKAWAY BOULEVARD,O5
MN,133 CHRYSTIE STREET,O5
MN,37 WEST 26 STREET,O6
MN,10 EAST 33 STREET,O6
MN,30 IRVING PLACE,O6
BK,1942 CONEY ISLAND AVENUE,O5
BK,1946 CONEY ISLAND AVENUE,O5
MN,34 HOWARD STREET,O5
MN,79 MERCER STREET,O5
MN,64 WOOSTER STREET,O6
MN,75 SPRING STREET,O6
SI,3912 AMBOY ROAD,O8
BK,2054 RALPH AVENUE,O5
MN,650 BROADWAY,O5
BK,185 MONTAGUE STREET,O6
BK,135 PIERREPONT STREET,O6
QN,95-10 101 AVENUE,O8
MN,202 CENTRE STREET,O5
MN,1352 BROADWAY,O5
QN,117-07 101 AVENUE,O5
MN,84 WOOSTER STREET,O6
BK,213 BOND STREET,O5
BK,175 CLASSON AVENUE,O5
QN,125-06 LIBERTY AVENUE,O5
MN,44 WEST 55 STREET,O5
MN,23 EAST 67 STREET,O6
MN,1151 BROADWAY,O5
MN,29 EAST 19 STREET,O6
MN,84 5 AVENUE,O6
QN,62-38 FOREST AVENUE,O5
QN,31-25 UNION STREET,O8
BK,439 KINGS HIGHWAY,O5
QN,214-47 JAMAICA AVENUE,O8
BK,1202 AVENUE J,O5
QN,98-10 ASTORIA BOULEVARD,O8
MN,155 WOOSTER STREET,O6
MN,78 BOWERY,O6
MN,581 AVENUE OF THE AMER,O5
MN,250 WEST 39 STREET,O6
MN,40 EAST 23 STREET,O5
QN,40-33 76 STREET,O8
SI,359 CLEVELAND AVENUE,O5
MN,722 LEXINGTON AVENUE,O6
MN,10 HARRISON STREET,O5
MN,285 WEST BROADWAY,O5
MN,434 AVENUE OF THE AMER,O5
MN,404 WEST 15 STREET,O6
MN,212 WEST 35 STREET,O6
MN,7 WEST 51 STREET,O6
MN,12 EAST 44 STREET,O6
MN,4 EAST 43 STREET,O6
BK,184 JORALEMON STREET,O8
MN,901 BROADWAY,O5
MN,64 UNIVERSITY PLACE,O5
QN,38-11 150 STREET,O8
SI,26 WATCHOGUE ROAD,O8
SI,461 JEWETT AVENUE,O8
BX,3677 EAST TREMONT AVENUE,O5
QN,136-21 ROOSEVELT AVENUE,O6
SI,318 NELSON AVENUE,O8
MN,37 WEST 20 STREET,O6
SI,4061 VICTORY BOULEVARD,O8
MN,154 LUDLOW STREET,O5
SI,1208 BAY STREET,O8
SI,337 SAND LANE,O5
BX,1628 BATHGATE AVENUE,O5
BK,464 77 STREET,O8
MN,155 EAST 56 STREET,O5
QN,45-46 21 STREET,O5
MN,243 WEST 30 STREET,O6
QN,135-18 LIBERTY AVENUE,O8
SI,38 KINSEY PLACE,O5
BK,949 FLATBUSH AVENUE,O5
QN,18-55 42 STREET,O5
QN,37-49 75 STREET,O8
MN,5045 BROADWAY,O5
QN,217-10 JAMAICA AVENUE,O5
MN,4280 BROADWAY,O5
BK,37 GREENPOINT AVENUE,O5
BK,1165 ST MARKS AVENUE,O5
SI,265 MASON AVENUE,O8
BX,1136 RHINELANDER AVENUE,O8
MN,177 FRANKLIN STREET,O5
BK,1517 VOORHIES AVENUE,O5
MN,148 WEST 125 STREET,O5
QN,216-15 NORTHERN BOULEVARD,O5
QN,86-59 77 STREET,O8
QN,111-02 JAMAICA AVENUE,O5
BK,2281 SCHENECTADY AVENUE,O8
MN,192 LEXINGTON AVENUE,O6
SI,773 POST AVENUE,O8
MN,38 ELIZABETH STREET,O5
MN,183 CANAL STREET,O5
BK,176 BRIGHTON 11 STREET,O8
BK,88 WEST END AVENUE,O8
BK,2916 SHELL ROAD,O5
BK,3051 OCEAN PARKWAY,O5
MN,27 WHITEHALL STREET,O6
BK,19 WILLOUGHBY STREET,O5
BK,2746 OCEAN AVENUE,O8
MN,9 MOTT STREET,O6
QN,79-04 METROPOLITAN AVENUE,O8
QN,87-19 118 STREET,O8
MN,41 MOTT STREET,O5
MN,52 EAST BROADWAY,O5
BK,350 CLASSON AVENUE,O5
BX,4856 WHITE PLAINS ROAD,O5
BK,608 SCHENECTADY AVENUE,O8
MN,119 WEST 23 STREET,O6
MN,881 BROADWAY,O6
QN,222-01 JAMAICA AVENUE,O8
BK,1614 NEPTUNE AVENUE,O5
BK,1612 NEPTUNE AVENUE,O5
MN,340 WEST 23 STREET,O8
BK,2747 CONEY ISLAND AVENUE,O5
QN,140-25 QUEENS BOULEVARD,O5
QN,11-49 47 AVENUE,O5
BK,1655 BEDFORD AVENUE,O5
SI,970 BARD AVENUE,O8
MN,436 WEST 18 STREET,O5
MN,104 WEST 29 STREET,O6
MN,119 WEST 31 STREET,O6
MN,108 WEST 34 STREET,O6
QN,18-35 130 STREET,O5
MN,25 WEST 52 STREET,O6
QN,37-18 73 STREET,O5
QN,37-02 NORTHERN BOULEVARD,O5
MN,115 WEST 27 STREET,O6
BX,594 GRAND CONCOURSE,O5
BX,647 BRYANT AVENUE,O8
BK,1426 39TH STREET,O5
MN,655 5 AVENUE,O6
MN,325 GRAND STREET,O5
BK,2583 OCEAN AVENUE,O8
QN,63-52 WOODHAVEN BOULEVARD,O5
SI,1741 VICTORY BOULEVARD,O5
MN,28 WARREN STREET,O5
MN,8 BOWERY,O5
BK,1550 FLATBUSH AVENUE,O5
MN,69 MERCER STREET,O5
QN,42-71 65 PLACE,O5
QN,36-26 31 STREET,O5
MN,125 WEST 29 STREET,O5
QN,22-15 43 AVENUE,O5
BK,129 LIVINGSTON STREET,O5
QN,80-35 JAMAICA AVENUE,O8
SI,2242 VICTORY BOULEVARD,O5
MN,38 WEST 34 STREET,O5
MN,224 WEST 35 STREET,O6
BK,2926 AVENUE L,O8
QN,163-18 JAMAICA AVENUE,O6
BK,5515 8 AVENUE,O5
MN,9 CHATHAM SQUARE,O8
MN,200 HUDSON STREET,O6
MN,2 EAST BROADWAY,O6
MN,15 DIVISION STREET,O6
QN,268-08 UNION TURNPIKE,O8
QN,66-05 60 PLACE,O8
MN,409 BROOME STREET,O6
MN,21 GREAT JONES STREET,O6
QN,159-16 UNION TURNPIKE,O5
MN,150 WEST 28 STREET,O6
MN,145 WEST 28 STREET,O6
MN,32 WEST 28 STREET,O5
MN,308 5 AVENUE,O5
MN,72 MADISON AVENUE,O6
MN,235 PARK AVENUE SOUTH,O6
MN,251 PARK AVENUE SOUTH,O6
MN,115 WEST 45 STREET,O6
MN,140 WEST 57 STREET,O6
MN,130 WEST 57 STREET,O6
MN,433 5 AVENUE,O5
MN,423 WEST 55 STREET,O6
MN,178 CANAL STREET,O5
MN,22 WEST 48 STREET,O6
MN,3 WEST 57 STREET,O6
SI,1991 VICTORY BOULEVARD,O8
MN,20 EAST 60 STREET,O6
MN,10 EAST 60 STREET,O6
MN,697 MADISON AVENUE,O6
MN,782 MADISON AVENUE,O6
MN,58 EAST 79 STREET,O5
MN,1334 YORK AVENUE,O6
BX,3450 EAST TREMONT AVENUE,O5
SI,2460 VICTORY BOULEVARD,O8
BX,6048 RIVERDALE AVENUE,O5
BX,4041 HENRY HUDSON PKWY W,O8
MN,31 BOND STREET,O5
BK,378 COURT STREET,O8
BK,4715 8 AVENUE,O5
BK,5101 4 AVENUE,O5
MN,17 WEST 17 STREET,O6
SI,1920 RICHMOND ROAD,O8
BK,8910 3 AVENUE,O8
SI,2000 HYLAN BOULEVARD,O5
BK,9710 3 AVENUE,O8
MN,79 MADISON AVENUE,O6
BK,158 MONTAGUE STREET,O5
BK,308 MALCOLM X BOULEVARD,O8
QN,37-36 61 STREET,O5
QN,120-27 GUY R BREWER BLVD,O8
QN,95-25 QUEENS BOULEVARD,O6
MN,31 WEST 54 STREET,O5
MN,15 WEST 54 STREET,O5
MN,581 5 AVENUE,O5
MN,5 EAST 47 STREET,O6
MN,117 DUANE STREET,O6
QN,126-24 FARMERS BOULEVARD,O5
MN,1 NORTH END AVENUE,O6
BK,25 ELM PLACE,O5
MN,43 WEST 46 STREET,O6
BX,332 EAST 149 STREET,O6
BK,711 FRANKLIN AVENUE,O5
SI,1794 RICHMOND ROAD,O8
BK,3059 BRIGHTON 13 STREET,O8
MN,2261 1 AVENUE,O5
SI,1216 BAY STREET,O8
MN,100 WEST 33 STREET,O6
BK,7703 5 AVENUE,O8
MN,2880 BROADWAY,O6
MN,32 WEST 48 STREET,O5
QN,68-22 ELIOT AVENUE,O5
QN,114-01 201 STREET,O8
BX,2735 HENRY HUDSON PKWY W,O8
QN,33-02 SKILLMAN AVENUE,O5
QN,67-10 MYRTLE AVENUE,O5
QN,75-19 MYRTLE AVENUE,O8
MN,43 BLEECKER STREET,O5
BK,3019 BRIGHTON 1 STREET,O8
BK,2995 OCEAN PARKWAY,O8
MN,10 EAST 47 STREET,O5
BK,50 COURT STREET,O6
QN,63-17 METROPOLITAN AVENUE,O5
MN,6 EAST 32 STREET,O6
MN,156 WEST 29 STREET,O5
MN,533 WEST 24 STREET,O5
QN,190-17 LINDEN BOULEVARD,O8
QN,162-24 JAMAICA AVENUE,O5
BX,26 BRUCKNER BOULEVARD,O5
MN,309 EAST 94 STREET,O5
MN,224 5 AVENUE,O5
MN,226 5 AVENUE,O5
QN,133-51 37 AVENUE,O5
QN,99-06 METROPOLITAN AVENUE,O5
BK,419 MANHATTAN AVENUE,O8
MN,300 LENOX AVENUE,O5
BK,4809 13 AVENUE,O5
MN,240 WEST 37 STREET,O6
BK,2237 NEW YORK AVENUE,O8
BK,7508 13 AVENUE,O8
MN,708 BROADWAY,O6
MN,21 WEST 38 STREET,O6
QN,97-13 101 AVENUE,O8
BK,90 NORMAN AVENUE,O5
MN,181 EAST 108 STREET,O5
QN,18-16 127 STREET,O5
QN,127 STREET,O5
BK,350 NEPTUNE AVENUE,O5
MN,233 SPRING STREET,O6
MN,227 WEST 29 STREET,O6
MN,413 WEST BROADWAY,O5
MN,23 WEST 18 STREET,O6
MN,456 BROADWAY,O5
MN,122 WEST 27 STREET,O6
BK,78 HUDSON AVENUE,O6
BK,186 BROADWAY,O5
BK,1068 48 STREET,O8
BK,1124 AVENUE J,O5
QN,118-01 QUEENS BOULEVARD,O5
BX,964 EAST 227 STREET,O5
QN,215-27 JAMAICA AVENUE,O8
MN,65 EAST BROADWAY,O5
QN,22-45 31 STREET,O5
QN,61-04 LAUREL HILL BLVD,O5
BK,261 52 STREET,O5
QN,19-31 MOTT AVENUE,O5
QN,45-11 LITTLE NECK PARKWAY,O8
MN,88 RIVINGTON STREET,O8
BK,193 MOTHER GASTON BLVD,O8
BK,2090 BRAGG STREET,O8
BK,2647 CONEY ISLAND AVENUE,O5
BK,5722 7 AVENUE,O8
BK,2303 AVENUE Z,O8
MN,355 WEST BROADWAY,O5
BK,443 LINDEN BOULEVARD,O8
BK,1817 FLATBUSH AVENUE,O5
BK,2925 AVENUE N,O8
QN,39-03 61 STREET,O5
QN,150-18 HILLSIDE AVENUE,O8
MN,465 GRAND STREET,O5
MN,7 DIVISION STREET,O5
QN,18-18 43 STREET,O5
MN,366 MADISON AVENUE,O6
MN,237 WEST 35 STREET,O6
MN,225 WEST 35 STREET,O6
QN,65-12 FRESH POND ROAD,O8
BX,2401 WATSON AVENUE,O5
BX,1416 WILLIAMSBRIDGE ROAD,O5
BX,1554 ASTOR AVENUE,O8
QN,142-03 60 AVENUE,O5
MN,147 SPRING STREET,O5
MN,28 WEST 22 STREET,O5
MN,39 WEST 38 STREET,O6
BK,1101 FLATBUSH AVENUE,O5
BK,812 60 STREET,O6
BK,1312 38 STREET,O5
BK,482 CONEY ISLAND AVENUE,O5
BK,722 CONEY ISLAND AVENUE,O5
BK,6222 18 AVENUE,O8
MN,5 UNION SQUARE,O6
BK,4102 14 AVENUE,O5
MN,205 WEST 39 STREET,O6
BK,4822 NEW UTRECHT AVENUE,O5
MN,145 CLINTON STREET,O6
MN,600 WEST 58 STREET,O6
BK,714 61 STREET,O8
MN,36 EAST 2 STREET,O5
MN,610 BROADWAY,O5
MN,126 5 AVENUE,O6
MN,1054 AVENUE OF THE AMER,O6
MN,267 5 AVENUE,O6
MN,337 PARK AVENUE SOUTH,O5
MN,529 5 AVENUE,O6
MN,405 PARK AVENUE,O6
MN,661 LEXINGTON AVENUE,O6
MN,694 8 AVENUE,O5
QN,79-21 METROPOLITAN AVENUE,O5
QN,34-35 56 STREET,O5
SI,413 MANOR ROAD,O8
BK,112 NORTH 6 STREET,O5
QN,17-34 HANCOCK STREET,O8
BK,5304 NEW UTRECHT AVENUE,O5
QN,16-12 CENTRAL AVENUE,O5
BK,3609 QUENTIN ROAD,O8
BK,503 4 AVENUE,O8
SI,501 CARY AVENUE,O5
SI,545 CARY AVENUE,O5
BK,325 GOLD STREET,O6
BK,115 MYRTLE AVENUE,O6
QN,95-15 SUTPHIN BOULEVARD,O8
QN,56-50 FRANCIS LEWIS BLVD,O8
MN,412 AVENUE OF THE AMER,O6
MN,341 5 AVENUE,O6
BK,3060 AVENUE U,O5
MN,450 PARK AVENUE SOUTH,O6
QN,40-08 24 STREET,O8
BK,2693 ATLANTIC AVENUE,O8
BK,1120 CONEY ISLAND AVENUE,O5
BK,1102 CONEY ISLAND AVENUE,O5
MN,4781 BROADWAY,O5
BK,7902 16 AVENUE,O8
QN,43-20 203 STREET,O5
MN,100 AVENUE OF THE AMER,O6
MN,60 WEST 22 STREET,O5
BK,7921 15 AVENUE,O8
MN,434 PARK AVENUE SOUTH,O6
QN,97-77 QUEENS BOULEVARD,O6
QN,105-18 CROSS BAY BOULEVARD,O8
QN,90-02 91 AVENUE,O5
MN,110 EAST 23 STREET,O6
BK,163 VAN BUREN STREET,O8
QN,31-16 30 AVENUE,O5
SI,1368 CLOVE ROAD,O8
SI,195 COLLEGE AVENUE,O8
QN,31-47 77 STREET,O8
BX,1946 WEBSTER AVENUE,O5
BK,1414 AVENUE P,O8
BK,16 ECKFORD STREET,O5
MN,20 EAST 63 STREET,O5
QN,34-38 BELL BOULEVARD,O5
QN,116-17 SUTPHIN BOULEVARD,O5
MN,210 EAST 86 STREET,O6
BX,708 EAST TREMONT AVENUE,O5
MN,41 WOOSTER STREET,O5
BX,2444 WALTON AVENUE,O5
QN,37-11 35 AVENUE,O5
BK,6743 3 AVENUE,O8
QN,32-04 UNION STREET,O8
QN,36-03 DITMARS BOULEVARD,O5
SI,856 MORROW STREET,O5
BK,3030 NOSTRAND AVENUE,O5
QN,22-07 STEINWAY STREET,O8
QN,175-61 HILLSIDE AVENUE,O5
QN,71-12 MAIN STREET,O5
QN,63-70 WOODHAVEN BOULEVARD,O8
QN,61-40 FRESH MEADOW LANE,O5
MN,16 EAST 52 STREET,O6
MN,831 GREENWICH STREET,O5
MN,71 5 AVENUE,O6
QN,136-52 39 AVENUE,O5
BK,45 MAIN STREET,O6
BK,5507 AVENUE N,O5
BK,1136 EASTERN PARKWAY,O5
BK,550 HOWARD AVENUE,O5
BK,117 RALPH AVENUE,O5
MN,374 2 AVENUE,O6
BK,15 MAC DOUGAL STREET,O5
MN,549 BROADWAY,O6
QN,80-46 JAMAICA AVENUE,O8
QN,119-02 23 AVENUE,O5
MN,135 EAST 36 STREET,O5
BK,53 BRIDGE STREET,O6
MN,133 WEST 72 STREET,O6
QN,68-53 FRESH POND ROAD,O8
QN,163-07 DEPOT ROAD,O5
QN,42-14 192 STREET,O5
QN,162-20 77 ROAD,O5
BK,4801 FT HAMILTON PARKWAY,O8
QN,103-12 LIBERTY AVENUE,O8
BK,965 EAST 57 STREET,O5
QN,196-16 HILLSIDE AVENUE,O8
MN,31 EAST 32 STREET,O6
BK,220 PACIFIC STREET,O8
QN,37-43 CRESCENT STREET,O5
SI,430 SEAVIEW AVENUE,O8
MN,179 CANAL STREET,O5
MN,232 CANAL STREET,O6
MN,224 CANAL STREET,O6
MN,622 BROADWAY,O5
BK,2017 EAST 68 STREET,O8
BK,328 9 STREET,O8
QN,89-31 161 STREET,O6
QN,50-07 108 STREET,O5
MN,108 EAST 16 STREET,O5
SI,1520 RICHMOND AVENUE,O8
SI,211 RICHMOND HILL ROAD,O8
MN,32 WEST 22 STREET,O5
SI,3643 RICHMOND AVENUE,O8
MN,1513 1 AVENUE,O5
MN,670 AVENUE OF THE AMER,O5
MN,323 EAST 79 STREET,O5
BK,833 58 STREET,O8
MN,74 BOWERY,O5
MN,375 WEST BROADWAY,O5
MN,36 WEST 39 STREET,O5
MN,32 UNION SQUARE,O6
BK,1090 CONEY ISLAND AVENUE,O5
QN,42-32 235 STREET,O8
BK,319 UTICA AVENUE,O5
MN,90 WATER STREET,O6
BX,444 WEST 259 STREET,O8
BK,155 WATER STREET,O5
QN,35-01 QUEENS BOULEVARD,O5
QN,94-19 JAMAICA AVENUE,O5
MN,15 JOHN STREET,O6
MN,560 BROADWAY,O5
MN,224 WEST 30 STREET,O6
MN,20 EAST 49 STREET,O5
MN,30 EAST 23 STREET,O6
QN,96-18 63 DRIVE,O5
MN,103 5 AVENUE,O6
MN,1413 5 AVENUE,O5
MN,461 WEST 126 STREET,O6
QN,36-29 MAIN STREET,O5
QN,142-22 37 AVENUE,O5
QN,267-01 HILLSIDE AVENUE,O5
QN,40-15 75 STREET,O5
MN,112 EAST 61 STREET,O8
BX,3717 EAST TREMONT AVENUE,O8
QN,40-53 JUNCTION BOULEVARD,O8
BK,648 39 STREET,O5
SI,42 MERRILL AVENUE,O8
BK,1623 KINGS HIGHWAY,O5
BK,6409 8 AVENUE,O5
BK,6821 8 AVENUE,O8
SI,666 FOREST AVENUE,O5
BK,6910 11 AVENUE,O8
QN,31-15 31 STREET,O5
BK,514 AVENUE M,O8
QN,53-04 ROOSEVELT AVENUE,O5
BK,722 56 STREET,O8
MN,549 WEST 180 STREET,O5
QN,81-36 BAXTER AVENUE,O5
MN,88 UNIVERSITY PLACE,O6
MN,38 EAST 23 STREET,O5
BK,7517 6 AVENUE,O8
QN,214-55 JAMAICA AVENUE,O8
MN,144 2 AVENUE,O5
SI,2205 HYLAN BOULEVARD,O8
BK,2444 CONEY ISLAND AVENUE,O5
MN,556 BROOME STREET,O5
MN,155 AVENUE OF THE AMER,O6
SI,731 CASTLETON AVENUE,O5
BK,755 61 STREET,O5
MN,421 WEST 14 STREET,O5
MN,207 WEST 28 STREET,O5
MN,150 WEST 22 STREET,O6
MN,134 WEST 37 STREET,O6
MN,236 5 AVENUE,O6
MN,7 WEST 30 STREET,O6
MN,5 WEST 30 STREET,O5
MN,34 WEST 35 STREET,O5
BK,644 PARKSIDE AVENUE,O5
MN,16 EAST 48 STREET,O6
MN,252 FRONT STREET,O8
MN,145 EAST 57 STREET,O6
BK,253 ASHLAND PLACE,O6
BK,432 BEDFORD AVENUE,O5
MN,330 EAST 48 STREET,O8
BK,79 LORIMER STREET,O5
BK,110 KENT AVENUE,O5
BK,60 NORTH 1 STREET,O5
MN,2642 BROADWAY,O5
BX,1960 CRESTON AVENUE,O5
BK,169 RICHARDSON STREET,O8
BK,364 KNICKERBOCKER AVENUE,O8
MN,38 WEST 28 STREET,O5
MN,42 WEST 28 STREET,O5
MN,818 AVENUE OF THE AMER,O5
MN,377 5 AVENUE,O5
MN,461 PARK AVENUE SOUTH,O6
MN,60 EAST 11 STREET,O6
MN,856 AVENUE OF THE AMER,O6
MN,386 5 AVENUE,O6
MN,42 WEST 48 STREET,O6
MN,597 5 AVENUE,O6
MN,721 11 AVENUE,O5
MN,46 TRINITY PLACE,O5
MN,238 EAST 26 STREET,O5
MN,133 WEST 19 STREET,O6
MN,307 5 AVENUE,O6
QN,212-11 99 AVENUE,O5
MN,261 WEST 34 STREET,O5
MN,7 EAST 38 STREET,O6
MN,33 WEST 26 STREET,O5
MN,34 WEST 27 STREET,O6
MN,5 WEST 37 STREET,O6
SI,6659 AMBOY ROAD,O5
QN,119-12 94 AVENUE,O8
MN,12 WEST 21 STREET,O6
MN,206 5 AVENUE,O5
BK,3004 AVENUE J,O8
MN,591 BROADWAY,O5
MN,589 BROADWAY,O5
QN,108-12 72 AVENUE,O5
QN,42-33 162 STREET,O8
QN,42-31 162 STREET,O8
BK,2502 86 STREET,O5
MN,5 WEST 20 STREET,O5
MN,27 WEST 24 STREET,O6
BK,614 SHEEPSHEAD BAY ROAD,O6
QN,119-01 JAMAICA AVENUE,O5
BK,1402 AVENUE J,O5
BK,1408 AVENUE J,O5
MN,334 GRAND STREET,O6
MN,511 5 AVENUE,O6
MN,305 BROADWAY,O6
MN,90 LUDLOW STREET,O5
MN,515 GREENWICH STREET,O5
QN,97-52 64 AVENUE,O8
QN,65-21 FRESH MEADOW LANE,O5
BK,78 3 STREET,O5
BK,407 BRIGHTON BEACH AVE,O8
QN,207-12 NORTHERN BOULEVARD,O5
BK,8904 5 AVENUE,O5
SI,963 POST AVENUE,O8
QN,250-14 HILLSIDE AVENUE,O5
SI,183 NEW DORP LANE,O8
BK,3080 BRIGHTON 13 STREET,O8
QN,158-11 JEWEL AVENUE,O5
BK,5229 NEW UTRECHT AVENUE,O5
MN,110 JOHN STREET,O5
MN,16 EAST 55 STREET,O5
MN,592 BROADWAY,O6
BK,2701 AVENUE U,O8
MN,28 WEST 57 STREET,O6
MN,64 WEST 21 STREET,O8
BK,1396 MYRTLE AVENUE,O5
QN,108-21 69 ROAD,O8
SI,509 FOREST AVENUE,O8
MN,30 WEST 26 STREET,O6
QN,120-34 QUEENS BOULEVARD,O5
MN,111 EAST 77 STREET,O8
BK,5023 13 AVENUE,O5
BK,318 MAUJER STREET,O5
MN,56 WEST 45 STREET,O6
SI,124 GRANITE AVENUE,O5
QN,114-04 BEACH CHANNEL DRIVE,O5
SI,445 FOREST AVENUE,O5
MN,1400 AVENUE OF THE AMER,O6
MN,178 EAST 124 STREET,O5
MN,22 HOWARD STREET,O5
BK,774 59 STREET,O5
MN,43 WEST 23 STREET,O6
MN,59 EAST 54 STREET,O6
QN,34-18 NORTHERN BOULEVARD,O5
BK,5314 7 AVENUE,O8
BK,1052 LIBERTY AVENUE,O8
MN,160 PEARL STREET,O5
MN,297 GRAND STREET,O5
MN,42 GREENE STREET,O5
MN,826 BROADWAY,O6
MN,241 EAST 116 STREET,O8
MN,228 EAST 122 STREET,O5
SI,899 MANOR ROAD,O8
MN,158 WEST 29 STREET,O6
BK,97 NORTH 10 STREET,O5
QN,251-77 JERICHO TURNPIKE,O5
BK,405 BRIGHTON BEACH AVE,O8
BK,622 AVENUE X,O8
BK,500 BROADWAY,O5
BX,1134 MORRIS PARK AVENUE,O5
QN,676 WOODWARD AVENUE,O5
SI,422 RETFORD AVENUE,O8
BX,3853 EAST TREMONT AVENUE,O8
BK,92 NORMAN AVENUE,O8
BK,1302 AVENUE J,O5
BK,6741 3 AVENUE,O8
SI,2541 RICHMOND TERRACE,O5
BK,462 36 STREET,O5
MN,538 HUDSON STREET,O8
BK,5024 5 AVENUE,O5
BK,229 54 STREET,O5
BK,5323 5 AVENUE,O5
QN,65-50 FRESH MEADOW LANE,O5
BK,551 39 STREET,O5
BK,210 FLATBUSH AVENUE,O8
MN,836 BROADWAY,O5
BK,332A 9 STREET,O8
QN,210-13 35 AVENUE,O8
QN,148-11 175 STREET,O5
MN,2498 AMSTERDAM AVENUE,O8
BK,148 AVENUE T,O8
BK,974 52 STREET,O8
BK,8746 20 AVENUE,O5
BK,2914 AVENUE R,O5
BK,3009 QUENTIN ROAD,O8
BK,2357 CONEY ISLAND AVENUE,O5
MN,299 BROADWAY,O6
BK,14 POWERS STREET,O5
SI,6386 AMBOY ROAD,O5
SI,41 DUMONT AVENUE,O8
SI,19 ST MARYS AVENUE,O8
MN,30 EAST BROADWAY,O5
SI,113 NEW DORP PLAZA,O8
SI,2517 AMBOY ROAD,O8
QN,63-29 69 STREET,O8
BK,8524 3 AVENUE,O5
QN,124-22 METROPOLITAN AVENUE,O5
QN,45-28 PARSONS BOULEVARD,O8
QN,58-18 37 AVENUE,O5
QN,75-03 MAIN STREET,O5
QN,203-12 48 AVENUE,O5
QN,130-26 ROCKAWAY BOULEVARD,O5
SI,56 SEGUINE AVENUE,O5
SI,66 WILLOW AVENUE,O5
QN,33-10 QUEENS BOULEVARD,O5
MN,333 WEST 52 STREET,O6
BK,94 KINGS HIGHWAY,O8
BX,528 MORRIS AVENUE,O5
QN,25-01 QUEENS PLAZA NORTH,O5
QN,72-26 BROADWAY,O5
MN,9 EAST 38 STREET,O6
QN,108-28 68 DRIVE,O8
QN,23-24 STEINWAY STREET,O8
MN,241 EAST 60 STREET,O5
MN,833 BROADWAY,O5
QN,44-40 11 STREET,O5
QN,131-14 ROCKAWAY BOULEVARD,O8
BK,175 PEARL STREET,O6
MN,537 WEST 20 STREET,O5
MN,304 5 AVENUE,O6
QN,98-06 ASTORIA BOULEVARD,O8
BK,5501 FOSTER AVENUE,O5
BK,321 39 STREET,O5
BK,330 VAN BRUNT STREET,O8
MN,508 WEST 26 STREET,O6
MN,538 MADISON AVENUE,O5
SI,25 MANOR ROAD,O8
BX,2054 MORRIS AVENUE,O5
BK,280 WYCKOFF AVENUE,O5
BX,1408 CASTLE HILL AVENUE,O5
BX,4275 KATONAH AVENUE,O8
BK,1322 GRAVESEND NECK ROAD,O8
BK,81 PROSPECT STREET,O6
MN,145 WEST 30 STREET,O6
MN,115 WEST 30 STREET,O6
MN,39 WEST 19 STREET,O6
MN,117 EAST 55 STREET,O8
MN,35 WEST 45 STREET,O6
MN,183 VARICK STREET,O5
BK,117 DOBBIN STREET,O5
QN,5-44 47 AVENUE,O5
BK,336 VAN BRUNT STREET,O5
SI,702 CASTLETON AVENUE,O5
QN,38-02 31 AVENUE,O8
SI,278 LINCOLN AVENUE,O5
SI,318 CLOVE ROAD,O8
SI,1003 RICHMOND AVENUE,O8
MN,48 HOWARD STREET,O5
BK,1523 AVENUE M,O5
QN,214-45 42 AVENUE,O5
BK,4417 13 AVENUE,O5
BK,1902 KINGS HIGHWAY,O5
BK,2091 CONEY ISLAND AVENUE,O5
BK,1301 CONEY ISLAND AVENUE,O5
BX,1208 WYATT STREET,O5
SI,144 SIMONSON AVENUE,O8
MN,246 WEST BROADWAY,O5
QN,37-02 82 STREET,O5
MN,16 MOTT STREET,O5
QN,136-38 39 AVENUE,O6
MN,451 BROADWAY,O5
MN,434 BROADWAY,O6
MN,459 BROADWAY,O5
QN,135-16 ROOSEVELT AVENUE,O5
QN,132-07 41 ROAD,O8
MN,486 BROADWAY,O5
SI,400 ST MARKS PLACE,O8
MN,535 GREENWICH STREET,O5
SI,115 SEGUINE AVENUE,O8
MN,155 WEST 23 STREET,O6
MN,67 GANSEVOORT STREET,O5
MN,310 5 AVENUE,O6
MN,544 AVENUE OF THE AMER,O5
MN,57 WEST 28 STREET,O5
MN,114 5 AVENUE,O6
BX,5602 BROADWAY,O5
BX,5606 BROADWAY,O5
MN,102 MADISON AVENUE,O6
BK,245 GLENMORE AVENUE,O5
BK,656 PENNSYLVANIA AVENUE,O5
QN,165-17 JAMAICA AVENUE,O5
MN,332 EAST 59 STREET,O6
BK,2697 ATLANTIC AVENUE,O8
MN,75 MAIDEN LANE,O6
BK,2444 86 STREET,O5
BK,3420 AVENUE N,O8
BK,2518 OCEAN AVENUE,O8
SI,3875 VICTORY BOULEVARD,O5
MN,35 WEST 31 STREET,O6
MN,26 EAST 125 STREET,O5
MN,52 WALKER STREET,O5
MN,91 WALKER STREET,O6
MN,412 BROADWAY,O6
MN,254 CANAL STREET,O5
MN,177 CANAL STREET,O5
MN,240 CANAL STREET,O5
MN,77 CHAMBERS STREET,O5
MN,70 BOWERY,O5
MN,102 MULBERRY STREET,O5
MN,181 CANAL STREET,O5
MN,191 CANAL STREET,O5
MN,255 CANAL STREET,O5
SI,476 KLONDIKE AVENUE,O8
MN,37 WEST 57 STREET,O6
QN,252-34 NORTHERN BOULEVARD,O5
MN,207 EAST 94 STREET,O5
MN,419 WEST 146 STREET,O5
MN,25 HOWARD STREET,O5
MN,225 VARICK STREET,O6
BK,4123 4 AVENUE,O8
BK,730 64 STREET,O5
MN,441 BROADWAY,O5
BK,50 DOBBIN STREET,O8
QN,43-22 50 STREET,O5
QN,223-01 LINDEN BOULEVARD,O8
BX,3500 LACONIA AVENUE,O5
BK,8122 7 AVENUE,O8
BX,4351 WHITE PLAINS ROAD,O8
MN,10 WEST 55 STREET,O5
QN,19-61 49 STREET,O5
MN,110 5 AVENUE,O6
QN,98-09 NORTHERN BOULEVARD,O8
QN,43-16 54 ROAD,O5
SI,20 BRICK COURT,O5
QN,106-21 156 STREET,O5
QN,45-18 PARSONS BOULEVARD,O8
MN,90 WOOSTER STREET,O5
MN,305 GRAND STREET,O5
BK,1424 FULTON STREET,O8
BK,263 52 STREET,O5
BK,18 BRIDGE STREET,O8
SI,2344 VICTORY BOULEVARD,O5
QN,41-21 27 STREET,O6
BK,548 EAST NEW YORK AVENUE,O5
BK,205 OCEAN VIEW AVENUE,O8
QN,129-09 26 AVENUE,O5
MN,29 WEST 56 STREET,O6
BK,735 BEDFORD AVENUE,O5
BK,1601 KINGS HIGHWAY,O5
MN,181 FRANKLIN STREET,O5
MN,40 WATER STREET,O5
QN,37-14 61 STREET,O5
QN,81-11 ROOSEVELT AVENUE,O5
BK,2779 86 STREET,O8
QN,37-31 76 STREET,O8
MN,895 BROADWAY,O5
QN,10-36 49 AVENUE,O5
BK,255 WATER STREET,O5
BK,570 FULTON STREET,O5
MN,286 5 AVENUE,O6
MN,234 WEST 56 STREET,O5
BK,185 HERKIMER STREET,O5
MN,37 EAST 18 STREET,O6
BK,845 58 STREET,O8
MN,369 GREENWICH STREET,O5
MN,263 WEST 38 STREET,O6
BX,2128 WESTCHESTER AVENUE,O5
MN,401 GREENWICH STREET,O5
QN,45-02 82 STREET,O8
MN,2 PIKE STREET,O6
BX,1052 MORRIS PARK AVENUE,O5
QN,87-42 169 STREET,O8
BK,1034 FLATBUSH AVENUE,O5
QN,76-49 HEWLETT STREET,O8
BK,395 FLATBUSH AVENUE EXT,O6
BX,2865 3 AVENUE,O5
MN,43 WEST 33 STREET,O5
BK,2431 86 STREET,O5
BK,573 SACKETT STREET,O5
QN,131-04 40 ROAD,O5
MN,307 EAST 53 STREET,O5
BK,1421 SHEEPSHEAD BAY ROAD,O5
QN,154-19 NORTHERN BOULEVARD,O5
MN,1255 BROADWAY,O6
MN,520 BROADWAY,O6
MN,524 BROADWAY,O6
MN,48 WEST 57 STREET,O6
QN,64-38 MYRTLE AVENUE,O5
QN,96-14 63 DRIVE,O5
QN,72-28 BROADWAY,O5
QN,72-24 BROADWAY,O5
MN,254 5 AVENUE,O5
BX,3440 BOSTON ROAD,O5
MN,820 GREENWICH STREET,O5
BK,27 SMITH STREET,O5
BK,5413 NEW UTRECHT AVENUE,O8
BK,6502 11 AVENUE,O8
BK,6823 8 AVENUE,O8
BK,117 70 STREET,O8
MN,123 LAFAYETTE STREET,O5
MN,80 UNIVERSITY PLACE,O5
QN,23-73 48 STREET,O5
QN,119-03 AUSTIN STREET,O8
QN,66-66 GRAND AVENUE,O5
SI,156 LAMBERTS LANE,O8
MN,3280 BROADWAY,O6
MN,75 GREENE STREET,O5
MN,23 EAST 115 STREET,O5
SI,453 ARLENE STREET,O8
QN,40-16 74 STREET,O5
BK,626 AVENUE U,O8
QN,158-49 84 STREET,O8
MN,1459 3 AVENUE,O5
MN,150 WEST 25 STREET,O6
MN,138 WEST 25 STREET,O6
MN,837 11 AVENUE,O5
MN,113 SPRING STREET,O5
BX,1067 ALLERTON AVENUE,O8
SI,94 HANCOCK STREET,O8
MN,726 BROADWAY,O6
MN,770 BROADWAY,O6
BK,6201 15 AVENUE,O5
SI,6395 AMBOY ROAD,O8
SI,111 MAIN STREET,O8
MN,118 BAXTER STREET,O6
BX,975 MORRIS PARK AVENUE,O5
MN,36 WEST 48 STREET,O5
MN,11 PARK PLACE,O6
BX,414 WILLIS AVENUE,O5
BX,444 WILLIS AVENUE,O5
MN,381 BROADWAY,O5
QN,138-02 NORTHERN BOULEVARD,O5
QN,39-10 MAIN STREET,O5
MN,416 WEST 13 STREET,O5
BK,55 WATER STREET,O5
BK,388 ATLANTIC AVENUE,O5
BK,144 COURT STREET,O5
BK,390 COURT STREET,O5
BK,405 VAN BRUNT STREET,O5
QN,35-57 89 STREET,O8
BK,712 3 AVENUE,O5
BK,761 4 AVENUE,O8
MN,44 WEST 34 STREET,O5
MN,36 WEST 17 STREET,O5
MN,122 WEST 30 STREET,O5
MN,19 EAST 54 STREET,O5
QN,38-29 150 STREET,O8
SI,4864 ARTHUR KILL ROAD,O5
BK,634 DEAN STREET,O5
MN,62 WEST 45 STREET,O6
BK,5717 16 AVENUE,O5
BK,907 ST MARKS AVENUE,O5
BK,1651 CONEY ISLAND AVENUE,O5
BK,1021 AVENUE Z,O8
BK,1502 KINGS HIGHWAY,O5
MN,150 WEST 46 STREET,O6
BK,6410 8 AVENUE,O5
QN,40-46 75 STREET,O8
MN,224 WEST 29 STREET,O6
BX,2421 WESTCHESTER AVENUE,O5
MN,35 EAST BROADWAY,O5
SI,2315 VICTORY BOULEVARD,O8
MN,13 WEST 28 STREET,O6
MN,1000 AVENUE OF THE AMER,O5
MN,48 WEST 37 STREET,O6
MN,501 WEST 42 STREET,O5
SI,45 LITTLE CLOVE ROAD,O8
SI,47 LITTLE CLOVE ROAD,O8
SI,135 CANAL STREET,O5
SI,245 NORTH GANNON AVENUE,O8
SI,1225 RICHMOND ROAD,O8
MN,142 GREENE STREET,O5
BK,2359 86 STREET,O8
BK,20 JAY STREET,O6
MN,306 EAST 61 STREET,O6
QN,59-29 55 STREET,O5
BK,37 CONWAY STREET,O5
MN,481 BROADWAY,O5
MN,497 BROOME STREET,O5
QN,43-20 VAN DAM STREET,O5
MN,494 BROADWAY,O5
MN,468 BROOME STREET,O5
MN,632 BROADWAY,O6
MN,636 BROADWAY,O6
MN,420 WEST 116 STREET,O6
MN,90 GRAND STREET,O5
MN,435 HUDSON STREET,O6
MN,202 WEST 136 STREET,O5
MN,249 WEST 17 STREET,O5
MN,245 WEST 17 STREET,O6
MN,208 WEST 30 STREET,O6
MN,236 WEST 30 STREET,O6
MN,261 WEST 35 STREET,O6
MN,241 WEST 37 STREET,O6
MN,232 WEST 37 STREET,O5
MN,247 WEST 37 STREET,O6
MN,246 WEST 38 STREET,O6
BK,2703 ATLANTIC AVENUE,O8
MN,135 WEST 18 STREET,O5
MN,251 WEST 39 STREET,O6
BK,186 MONTAGUE STREET,O5
BK,4822 13 AVENUE,O5
MN,355 WEST 52 STREET,O6
MN,118 WEST 22 STREET,O6
QN,88-66 MYRTLE AVENUE,O5
BK,2080 CONEY ISLAND AVENUE,O5
MN,147 WEST 24 STREET,O6
MN,145 WEST 24 STREET,O5
MN,111 CHURCH STREET,O5
MN,75 MURRAY STREET,O5
MN,768 2 AVENUE,O6
MN,127 WEST 24 STREET,O6
MN,130 WEST 25 STREET,O6
MN,121 EAST 24 STREET,O6
SI,109 WINANT AVENUE,O5
MN,152 WEST 25 STREET,O6
MN,151 WEST 25 STREET,O6
QN,11-20 46 ROAD,O5
MN,134 WEST 26 STREET,O6
MN,147 WEST 26 STREET,O5
MN,151 WEST 26 STREET,O6
QN,208-17 JAMAICA AVENUE,O8
MN,106 WEST 28 STREET,O5
BK,3902 5 AVENUE,O5
MN,143 WEST 29 STREET,O6
MN,421 7 AVENUE,O6
BK,171 DWIGHT STREET,O8
MN,131 WEST 35 STREET,O6
MN,142 WEST 36 STREET,O6
MN,120 EAST 13 STREET,O8
MN,58 EAST 11 STREET,O8
MN,97 UNIVERSITY PLACE,O6
MN,57 EAST 11 STREET,O6
QN,46-32 11 STREET,O5
SI,271 MASON AVENUE,O8
MN,56 WEST 14 STREET,O6
MN,6 WEST 14 STREET,O5
MN,80 5 AVENUE,O6
MN,78 5 AVENUE,O6
MN,109 WEST 38 STREET,O6
MN,108 WEST 39 STREET,O6
MN,37 WEST 14 STREET,O5
MN,50 WEST 17 STREET,O6
MN,45 WEST 17 STREET,O5
MN,118 5 AVENUE,O6
MN,6 WEST 18 STREET,O6
QN,49-03 69 STREET,O5
MN,10 WEST 18 STREET,O6
MN,3 WEST 18 STREET,O6
MN,7 WEST 19 STREET,O8
MN,148 5 AVENUE,O6
MN,22 WEST 21 STREET,O6
MN,30 WEST 21 STREET,O6
MN,45 WEST 21 STREET,O5
MN,56 WEST 22 STREET,O6
MN,37 WEST 22 STREET,O6
MN,14 WEST 23 STREET,O5
MN,6 WEST 24 STREET,O5
MN,36 WEST 25 STREET,O6
BX,1199 PIERCE AVENUE,O8
MN,40 WEST 25 STREET,O6
MN,48 WEST 25 STREET,O6
MN,41 WEST 25 STREET,O6
MN,1121 BROADWAY,O6
MN,114 EAST 25 STREET,O6
MN,34 WEST 15 STREET,O6
MN,22 WEST 38 STREET,O6
MN,31 WEST 26 STREET,O5
MN,552 7 AVENUE,O6
MN,113 UNIVERSITY PLACE,O6
MN,25 WEST 26 STREET,O6
QN,80-02 QUEENS BOULEVARD,O6
MN,19 WEST 26 STREET,O5
MN,15 WEST 26 STREET,O6
MN,1145 BROADWAY,O5
MN,1140 BROADWAY,O6
MN,18 WEST 27 STREET,O6
MN,22 WEST 27 STREET,O6
MN,28 WEST 27 STREET,O6
MN,8 WEST 28 STREET,O5
MN,6 WEST 28 STREET,O5
MN,1179 BROADWAY,O5
MN,47 WEST 28 STREET,O5
MN,1178 BROADWAY,O5
MN,1195 BROADWAY,O6
MN,36 WEST 29 STREET,O5
MN,838 AVENUE OF THE AMER,O5
MN,276 5 AVENUE,O6
MN,29 WEST 30 STREET,O6
MN,290 5 AVENUE,O5
MN,298 5 AVENUE,O6
MN,25 WEST 31 STREET,O6
MN,12 WEST 32 STREET,O6
MN,16 WEST 32 STREET,O6
MN,22 WEST 32 STREET,O6
MN,447 BROADWAY,O5
MN,32 HOWARD STREET,O5
MN,330 5 AVENUE,O6
MN,320 5 AVENUE,O6
MN,1270 BROADWAY,O6
MN,43 WEST 34 STREET,O6
MN,7 WEST 34 STREET,O6
MN,35 WEST 35 STREET,O6
MN,3 WEST 35 STREET,O6
MN,29 WEST 35 STREET,O6
MN,16 WEST 36 STREET,O6
MN,8 WEST 36 STREET,O6
QN,224-10 MERRICK BOULEVARD,O5
MN,20 WEST 36 STREET,O6
MN,63 WEST 36 STREET,O6
MN,53 WEST 36 STREET,O6
MN,41 WEST 36 STREET,O5
MN,29 WEST 36 STREET,O6
MN,35 WEST 36 STREET,O6
MN,25 WEST 36 STREET,O6
MN,13 WEST 36 STREET,O6
MN,7 WEST 36 STREET,O6
MN,402 5 AVENUE,O6
MN,34 WEST 37 STREET,O5
MN,36 WEST 37 STREET,O6
MN,49 WEST 37 STREET,O6
MN,8 WEST 38 STREET,O6
MN,42 WEST 38 STREET,O6
MN,1024 AVENUE OF THE AMER,O5
MN,60 WEST 38 STREET,O5
MN,35 WEST 38 STREET,O5
MN,54 WEST 39 STREET,O6
MN,333 PARK AVENUE SOUTH,O5
MN,35 WEST 39 STREET,O6
BK,75 BELMONT AVENUE,O8
QN,36-01 43 AVENUE,O5
QN,36-06 43 AVENUE,O5
MN,1071 AVENUE OF THE AMER,O6
QN,43-01 22 STREET,O5
QN,36-14 35 STREET,O5
QN,36-01 36 AVENUE,O5
MN,138 EAST 57 STREET,O5
BK,868 39 STREET,O5
MN,222 EAST 46 STREET,O5
MN,256 WEST 36 STREET,O6
MN,104 GREENE STREET,O6
MN,225 WEST 39 STREET,O6
QN,34-31 STEINWAY STREET,O5
BK,59 FLATBUSH AVENUE,O6
QN,24-29 JACKSON AVENUE,O5
SI,1984 RICHMOND ROAD,O8
BK,601 5 AVENUE,O5
MN,323 HUDSON STREET,O6
MN,375 HUDSON STREET,O6
QN,34-01 38 AVENUE,O5
BK,2520 CONEY ISLAND AVENUE,O5
MN,19 WEST 44 STREET,O6
MN,104 WEST 27 STREET,O6
MN,15 WEST 39 STREET,O6
MN,149 EAST 63 STREET,O8
BK,265 52 STREET,O5
MN,21 WEST 39 STREET,O5
MN,20 EAST 15 STREET,O6
MN,18 EAST 17 STREET,O6
MN,101 5 AVENUE,O6
MN,231 WEST 39 STREET,O6
MN,29 WEST 17 STREET,O6
MN,9 EAST 19 STREET,O6
MN,857 BROADWAY,O5
MN,200 PARK AVENUE SOUTH,O6
MN,119 5 AVENUE,O6
MN,35 EAST 19 STREET,O5
MN,545 MADISON AVENUE,O6
MN,30 EAST 20 STREET,O6
MN,135 5 AVENUE,O6
MN,137 5 AVENUE,O6
MN,63 WEST 125 STREET,O5
BK,1400 FLATBUSH AVENUE,O8
MN,1015 MADISON AVENUE,O5
BK,2917 GLENWOOD ROAD,O8
MN,153 5 AVENUE,O6
MN,928 BROADWAY,O6
MN,924 BROADWAY,O5
SI,65 ROSE AVENUE,O8
MN,233 5 AVENUE,O5
MN,235 5 AVENUE,O6
MN,1 EAST 27 STREET,O5
MN,89 MADISON AVENUE,O6
MN,424 PARK AVENUE SOUTH,O6
MN,112 MADISON AVENUE,O6
MN,36 EAST 31 STREET,O6
MN,130 MADISON AVENUE,O5
MN,39 EAST 31 STREET,O5
MN,44 EAST 32 STREET,O6
MN,38 EAST 32 STREET,O6
MN,319 5 AVENUE,O5
MN,30 EAST 33 STREET,O6
MN,331 5 AVENUE,O5
MN,1 EAST 33 STREET,O6
MN,33 EAST 33 STREET,O6
MN,14 EAST 34 STREET,O5
MN,4 EAST 34 STREET,O5
MN,349 5 AVENUE,O6
MN,53 EAST 34 STREET,O5
QN,40-28 82 STREET,O5
MN,375 5 AVENUE,O5
MN,8 EAST 36 STREET,O5
MN,381 5 AVENUE,O5
MN,14 EAST 38 STREET,O6
MN,10 EAST 38 STREET,O6
MN,4 EAST 39 STREET,O5
MN,435 5 AVENUE,O6
MN,125 BARCLAY STREET,O6
MN,912 BROADWAY,O6
MN,44 UNION SQUARE,O5
MN,248 WEST 35 STREET,O6
BX,880 RIVER AVENUE,O5
MN,5 EAST 59 STREET,O6
MN,637 MADISON AVENUE,O6
MN,15 EAST 61 STREET,O8
MN,24 EAST 64 STREET,O5
MN,750 MADISON AVENUE,O5
MN,20 WEST 38 STREET,O5
MN,87 5 AVENUE,O6
MN,835 MADISON AVENUE,O5
MN,740 BROADWAY,O6
MN,9 WEST 19 STREET,O5
MN,584 BROADWAY,O6
MN,568 BROADWAY,O6
MN,219 EAST 60 STREET,O5
MN,176 GRAND STREET,O5
MN,1333 BROADWAY,O6
QN,75-67 193 STREET,O8
BK,4426 18 AVENUE,O8
MN,2416 AMSTERDAM AVENUE,O5
MN,1448 ST NICHOLAS AVENUE,O5
QN,63-44 SAUNDERS STREET,O8
MN,7 EAST 47 STREET,O5
BK,60 SACKETT STREET,O5
MN,204 WEST 84 STREET,O5
QN,58-48 189 STREET,O8
MN,210 WEST 29 STREET,O6
MN,221 WEST 37 STREET,O5
BK,2204 VOORHIES AVENUE,O8
QN,83-04 BROADWAY,O5
QN,61-54 162 STREET,O8
QN,11-36 45 ROAD,O5
BX,21 EAST FORDHAM ROAD,O5
MN,53 EAST 75 STREET,O8
BX,18 EAST KINGSBRIDGE RD,O8
BK,217 HAVEMEYER STREET,O5
BK,2765 CONEY ISLAND AVENUE,O5
BK,2751 CONEY ISLAND AVENUE,O8
BK,315 WYCKOFF AVENUE,O5
MN,418 MADISON AVENUE,O6
MN,4 EAST 54 STREET,O5
MN,21 EAST 67 STREET,O5
MN,506 EAST 74 STREET,O5
BK,2557 NOSTRAND AVENUE,O5
MN,55 WEST 125 STREET,O6
MN,516 WEST 181 STREET,O5
BK,103 COURT STREET,O5
MN,222 5 AVENUE,O5
BX,230 EAST 144 STREET,O8
BK,1465 MYRTLE AVENUE,O5
QN,110-20 JAMAICA AVENUE,O5
BK,2060 EASTERN PARKWAY,O5
MN,311 WEST 43 STREET,O6
SI,1039 RICHMOND ROAD,O8
BK,25 FLATBUSH AVENUE,O5
BK,837 59 STREET,O5
QN,166-20 UNION TURNPIKE,O8
QN,67-05 ROOSEVELT AVENUE,O5
BX,4730 RICHARDSON AVENUE,O8
BK,5623 8 AVENUE,O5
SI,14 SLOSSON TERRACE,O5
MN,254 WEST 47 STREET,O5
BK,1648 EAST 14 STREET,O8
BX,1932 WASHINGTON AVENUE,O5
MN,37 UNION SQUARE,O5
BK,8401 FT HAMILTON PARKWAY,O8
BK,2019 NOSTRAND AVENUE,O8
BK,1371 ROCKAWAY PARKWAY,O8
BK,485 FULTON STREET,O5
BK,821 59 STREET,O5
BK,7119 13 AVENUE,O8
BK,7117 13 AVENUE,O8
MN,410 WEST 13 STREET,O5
MN,428 WEST 14 STREET,O5
MN,426 WEST 14 STREET,O5
MN,418 WEST 14 STREET,O5
QN,156-15 146 AVENUE,O5
MN,349 LEXINGTON AVENUE,O6
SI,305 SEGUINE AVENUE,O8
MN,536 WEST 29 STREET,O8
MN,469 10 AVENUE,O6
MN,522 WEST 37 STREET,O5
MN,737 5 AVENUE,O6
MN,551 MADISON AVENUE,O6
MN,241 CENTRE STREET,O6
MN,409 WEST 14 STREET,O5
MN,407 WEST 14 STREET,O5
BK,237 BAY RIDGE PARKWAY,O8
MN,47 9 AVENUE,O5
MN,412 WEST 15 STREET,O6
MN,75 9 AVENUE,O6
MN,453 WEST 17 STREET,O5
MN,260 WEST 36 STREET,O6
BK,168 HAVEMEYER STREET,O5
MN,213 WEST 40 STREET,O5
MN,315 5 AVENUE,O6
MN,224 WEST 47 STREET,O6
MN,1613 BROADWAY,O6
MN,671 8 AVENUE,O5
QN,63-48 ALDERTON STREET,O8
MN,618 9 AVENUE,O5
MN,709 8 AVENUE,O5
BK,1575 50 STREET,O5
MN,410 WEST 47 STREET,O5
MN,619 WEST 54 STREET,O6
MN,787 11 AVENUE,O6
QN,254-04 UNION TURNPIKE,O5
MN,10 WEST 71 STREET,O8
MN,119 WEST 57 STREET,O6
MN,162 WEST 72 STREET,O5
MN,125 WEST 72 STREET,O5
MN,117 WEST 72 STREET,O5
BK,2376 60 STREET,O5
BK,2357 60 STREET,O5
MN,111 EAST 61 STREET,O8
BK,57 WILLOUGHBY STREET,O5
MN,163 WEST 74 STREET,O8
BK,8421 FLATLANDS AVENUE,O8
MN,244 GRAND STREET,O5
QN,40-24 GLEANE STREET,O8
MN,266 MADISON AVENUE,O6
BK,1116 AVENUE J,O5
BK,1639 EAST 13 STREET,O5
BK,1684 EAST 18 STREET,O8
MN,521 MADISON AVENUE,O6
QN,219-10 HILLSIDE AVENUE,O5
BK,238 44 STREET,O5
MN,1751 PARK AVENUE,O5
MN,379 WEST BROADWAY,O5
BK,730 60 STREET,O8
MN,46 WEST 36 STREET,O5
BX,903 SHERIDAN AVENUE,O5
BK,681 4 AVENUE,O8
QN,83-06 QUEENS BOULEVARD,O8
BK,3065 BRIGHTON 14 STREET,O8
MN,228 EAST 45 STREET,O6
MN,112 EAST 31 STREET,O5
MN,974 MADISON AVENUE,O5
BX,2356 UNIVERSITY AVENUE,O5
MN,474 BROADWAY,O5
MN,16 WEST 46 STREET,O6
BK,285 NORTH 6 STREET,O5
BK,3075 BRIGHTON 13 STREET,O8
BK,3073 BRIGHTON 13 STREET,O8
MN,76 BOWERY,O6
MN,73 HUDSON STREET,O8
BX,557 EAST FORDHAM ROAD,O5
MN,150 WEST 36 STREET,O5
MN,152 WEST 36 STREET,O6
MN,153 WEST 36 STREET,O5
MN,1367 BROADWAY,O5
MN,130 WEST 37 STREET,O5
MN,501 7 AVENUE,O6
BK,1113 BRIGHTON BEACH AVE,O5
BK,466 78 STREET,O8
MN,32 WEST 39 STREET,O6
MN,28 EAST BROADWAY,O5
MN,85 DELANCEY STREET,O5
BX,402 EAST 152 STREET,O5
MN,120 WEST 31 STREET,O6
MN,151 WEST 30 STREET,O6
MN,47 WEST 42 STREET,O6
MN,510 5 AVENUE,O5
MN,16 WEST 45 STREET,O6
MN,45 WEST 45 STREET,O6
MN,49 WEST 45 STREET,O6
MN,25 WEST 45 STREET,O6
MN,17 WEST 45 STREET,O6
MN,550 5 AVENUE,O6
MN,21 WEST 46 STREET,O6
MN,574 5 AVENUE,O5
MN,67 WEST 47 STREET,O6
MN,55 WEST 47 STREET,O6
MN,37 WEST 47 STREET,O6
MN,23 WEST 47 STREET,O6
MN,15 WEST 47 STREET,O6
MN,64 WEST 48 STREET,O6
MN,640 5 AVENUE,O6
MN,39 WEST 54 STREET,O5
MN,33 WEST 54 STREET,O5
MN,13 WEST 54 STREET,O5
MN,41 WEST 54 STREET,O8
MN,39 WEST 56 STREET,O5
MN,15 EAST 40 STREET,O6
MN,22 EAST 41 STREET,O5
BK,914 EAST 84 STREET,O8
MN,10 EAST 44 STREET,O6
MN,343 MADISON AVENUE,O6
MN,3 EAST 44 STREET,O5
MN,589 5 AVENUE,O6
MN,19 EAST 48 STREET,O6
MN,18 EAST 50 STREET,O6
MN,457 MADISON AVENUE,O5
MN,12 EAST 52 STREET,O6
MN,10 EAST 52 STREET,O6
MN,135 WEST 27 STREET,O6
MN,167 WEST 21 STREET,O5
MN,659 5 AVENUE,O6
MN,665 5 AVENUE,O6
MN,673 5 AVENUE,O6
MN,689 5 AVENUE,O6
MN,3 EAST 54 STREET,O6
MN,430 PARK AVENUE,O6
MN,60 EAST 56 STREET,O6
BX,1312 BLONDELL AVENUE,O5
MN,48 EAST 57 STREET,O5
MN,592 MADISON AVENUE,O6
MN,4116 9 AVENUE,O5
MN,310 LENOX AVENUE,O5
QN,52-35 BARNETT AVENUE,O5
MN,52 VARICK STREET,O6
BX,420 EAST 149 STREET,O5
BX,448 EAST 149 STREET,O5
BK,53 NASSAU AVENUE,O8
QN,79-51 COOPER AVENUE,O5
MN,121 EAST 61 STREET,O8
BK,5805 16 AVENUE,O5
BK,175 REMSEN STREET,O6
BX,1624 CROSBY AVENUE,O8
MN,670 BROADWAY,O5
BK,1236 MCDONALD AVENUE,O5
QN,48-17 25 AVENUE,O5
BK,526 FULTON STREET,O5
MN,358 5 AVENUE,O6
MN,43 WEST 36 STREET,O6
MN,54 WEST 40 STREET,O6
MN,242 PARK AVENUE SOUTH,O6
MN,36 EAST 23 STREET,O6
MN,285 5 AVENUE,O6
MN,147 MADISON AVENUE,O6
MN,148 MADISON AVENUE,O6
MN,183 MADISON AVENUE,O6
MN,389 5 AVENUE,O6
MN,385 5 AVENUE,O6
MN,415 5 AVENUE,O6
MN,620 WEST 52 STREET,O5
BK,1685 EAST 15 STREET,O5
BX,860 COURTLANDT AVENUE,O5
BK,39 WASHINGTON STREET,O6
MN,373 BROADWAY,O5
MN,429 WEST 53 STREET,O5
BK,172 GRAVESEND NECK ROAD,O8
MN,121 WEST END AVENUE,O6
MN,34 WEST 36 STREET,O5
MN,155 WEST 72 STREET,O6
MN,2095 BROADWAY,O5
MN,2121 BROADWAY,O5
QN,150-12 ROOSEVELT AVENUE,O5
MN,10 WEST 49 STREET,O5
MN,608 5 AVENUE,O6
MN,7 EAST 44 STREET,O6
MN,4 EAST 46 STREET,O5
MN,346 MADISON AVENUE,O6
MN,49 EAST 52 STREET,O6
MN,711 5 AVENUE,O6
MN,40 WEST 37 STREET,O6
MN,55 WEST 38 STREET,O5
MN,262 WEST 38 STREET,O6
MN,33 WEST 17 STREET,O6
BK,47 WILLOUGHBY STREET,O5
BK,322 STOCKHOLM STREET,O8
QN,10-02 BEACH 20 STREET,O5
BK,387 NEW LOTS AVENUE,O8
QN,2-24 BEACH 20 STREET,O8
BX,3311 BAINBRIDGE AVENUE,O8
BK,70 KENT STREET,O5
QN,147-09 88 AVENUE,O5
MN,59 EAST BROADWAY,O5
MN,213 EAST 38 STREET,O5
MN,8 WEST 37 STREET,O6
MN,16 WEST 37 STREET,O5
MN,18 EAST 22 STREET,O8
MN,42 EAST 23 STREET,O6
MN,22 WEST 23 STREET,O5
MN,55 CANAL STREET,O5
MN,92 HESTER STREET,O5
MN,55 CHRYSTIE STREET,O5
BX,2432 GRAND CONCOURSE,O5
MN,41 WEST 65 STREET,O6
BX,320 SOUNDVIEW AVENUE,O8
MN,291 GRAND STREET,O5
MN,122 EAST 76 STREET,O8
MN,513 WEST 56 STREET,O6
MN,134 DELANCEY STREET,O5
MN,310 EAST 30 STREET,O8
BK,206 KENT AVENUE,O5
MN,701 8 AVENUE,O5
MN,322 WEST 48 STREET,O5
MN,16 EAST 41 STREET,O5
MN,129 FULTON STREET,O5
MN,242 WEST 36 STREET,O6
BK,3621 GLENWOOD ROAD,O8
MN,163 VARICK STREET,O6
MN,9 EAST 45 STREET,O6
BK,224 GRAND STREET,O5
MN,630 9 AVENUE,O6
MN,9 EAST 37 STREET,O6
MN,711 3 AVENUE,O6
QN,32-32 STEINWAY STREET,O5
SI,4288 ARTHUR KILL ROAD,O5
BK,48 SPENCER STREET,O5
MN,171 CANAL STREET,O5
MN,440 9 AVENUE,O6
MN,320 WEST 37 STREET,O6
MN,341 WEST 38TH STREET,O6
MN,240 WEST 38 STREET,O5
MN,242 WEST 38 STREET,O6
MN,221 WEST 38 STREET,O5
MN,526 7 AVENUE,O6
BK,2380 MCDONALD AVENUE,O5
MN,350 WEST 31 STREET,O6
MN,350 WEST 38 STREET,O5
BK,1701 DAHILL ROAD,O8
MN,15 WEST 44 STREET,O6
MN,171 WEST 85 STREET,O5
BK,1706 PITKIN AVENUE,O5
MN,226 EAST 54 STREET,O6
MN,2852 BROADWAY,O5
BK,895 MCDONALD AVENUE,O5
MN,739 2 AVENUE,O5
MN,180 VARICK STREET,O6
MN,2726 8 AVENUE,O5
QN,18-12 CLINTONVILLE STREET,O8
QN,256-02 HILLSIDE AVENUE,O8
MN,45 BOND STREET,O5
BK,150 BRIGHTON 11 STREET,O8
MN,96 SPRING STREET,O6
MN,110 LEROY STREET,O6
MN,3 WEST 22 STREET,O6
MN,625 MADISON AVENUE,O6
MN,2258 3 AVENUE,O5
MN,19 WEST 24 STREET,O6
SI,2749 HYLAN BOULEVARD,O8
MN,42 MOTT STREET,O5
SI,2372 VICTORY BOULEVARD,O8
BX,1067 OGDEN AVENUE,O5
BK,901 FRANKLIN AVENUE,O5
QN,11-11 44 DRIVE,O5
QN,25-01 40 AVENUE,O5
MN,80 BOWERY,O5
QN,262-05 HILLSIDE AVENUE,O8
QN,24-28 JACKSON AVENUE,O5
BK,4502 13 AVENUE,O5
BK,678 DAHILL ROAD,O5
MN,519 BROOME STREET,O5
MN,109 WEST 27 STREET,O6
MN,251 WEST 154 STREET,O5
BK,408 KNICKERBOCKER AVENUE,O5
MN,1461 ST NICHOLAS AVENUE,O5
BX,81 EAST 161 STREET,O5
BK,726 AVENUE Z,O8
MN,13 SOUTH WILLIAM STREET,O5
MN,65 MURRAY STREET,O5
MN,140 WEST 36 STREET,O5
MN,235 1 AVENUE,O5
MN,144 WEST 37 STREET,O5
BX,55 EAST GUN HILL ROAD,O5
BX,2918 3 AVENUE,O5
MN,141 WEST 28 STREET,O6
BX,3176 BAINBRIDGE AVENUE,O5
MN,1697 BROADWAY,O6
BX,3334 BAINBRIDGE AVENUE,O8
BK,474 JOHNSON AVENUE,O5
QN,104-14 113 STREET,O8
MN,1881 BROADWAY,O5
BK,815 BROADWAY,O5
MN,250 HUDSON STREET,O6
MN,350 HUDSON STREET,O6
MN,437 LEXINGTON AVENUE,O6
BX,2024 CRESTON AVENUE,O8
MN,101 MOTT STREET,O6
MN,397 5 AVENUE,O6
MN,110 EAST 55 STREET,O6
MN,215 WEST 40 STREET,O6
MN,133 WEST 25 STREET,O6
MN,49 WEST 38 STREET,O6
MN,387 PARK AVENUE SOUTH,O6
MN,216 EAST 45 STREET,O6
BK,594 DEAN STREET,O5
BK,362 JEFFERSON STREET,O5
MN,122 EAST 38 STREET,O8
SI,2842 RICHMOND TERRACE,O5
BK,376 AVENUE U,O8
SI,19 HYATT STREET,O5
MN,247 3 AVENUE,O6
BK,199 COOK STREET,O5
BK,718 60 STREET,O8
BK,75 NORTH 7 STREET,O5
QN,149-07 14 AVENUE,O5
SI,4218 AMBOY ROAD,O8
MN,567 3 AVENUE,O5
BK,68 JAY STREET,O6
MN,211 EAST 38 STREET,O8
MN,737 2 AVENUE,O5
BK,19 BOND STREET,O5
MN,145 WEST 45 STREET,O6
BK,200 MONTAGUE STREET,O5
BK,1214 AVENUE M,O5
MN,403 EAST 91 STREET,O5
BK,2882 NOSTRAND AVENUE,O8
MN,10 CHATHAM SQUARE,O5
MN,17 VESTRY STREET,O5
BK,1220 AVENUE P,O5
MN,211 EAST 117 STREET,O8
MN,2256 2 AVENUE,O5
SI,690 BAY STREET,O8
MN,8 WEST 125 STREET,O5
MN,33 WEST 125 STREET,O5
MN,210 ELIZABETH STREET,O5
MN,65 BLEECKER STREET,O6
MN,155 RIVINGTON STREET,O5
QN,28-49 37 STREET,O8
BX,3585 EAST TREMONT AVENUE,O8
MN,11 WEST 32 STREET,O6
BK,1963 CONEY ISLAND AVENUE,O5
BK,2985 QUENTIN ROAD,O8
MN,661 BROADWAY,O6
BX,947 SOUTHERN BOULEVARD,O5
QN,250-12 HILLSIDE AVENUE,O5
QN,241-10 HILLSIDE AVENUE,O5
BK,58 NORTH 8 STREET,O5
MN,880 3 AVENUE,O6
MN,1129 BROADWAY,O6
QN,43-55 11 STREET,O8
QN,11-25 44 ROAD,O5
QN,58-24 CATALPA AVENUE,O5
QN,37-10 BROADWAY,O5
QN,42-16 28 AVENUE,O5
BK,1817 AVENUE M,O5
QN,83-40 72 DRIVE,O5
QN,117-19 14 ROAD,O5
QN,38-11 150 STREET,O8
SI,350 ST MARKS PLACE,O5
QN,205-16 LINDEN BOULEVARD,O5
SI,1859 VICTORY BOULEVARD,O8
BK,260 NORMAN AVENUE,O8
MN,206 EAST 116 STREET,O5
MN,1943 MADISON AVENUE,O5
QN,33-22 NORTHERN BOULEVARD,O5
BX,571 WALTON AVENUE,O8
BK,418 MYRTLE AVENUE,O5
QN,25-18 39 AVENUE,O5
QN,76-20 UTOPIA PARKWAY,O8
MN,16 BEAVER STREET,O5
MN,615 AVENUE OF THE AMER,O5
MN,26 WEST 23 STREET,O5
MN,7 WEST 45 STREET,O6
MN,1070 2 AVENUE,O5
QN,27-26 JACKSON AVENUE,O5
MN,70 BROAD STREET,O8
MN,22 PARK PLACE,O5
MN,151 GRAND STREET,O5
MN,217 CENTRE STREET,O6
MN,140 2 AVENUE,O5
MN,552 BROADWAY,O5
MN,30 VANDAM STREET,O5
MN,19 WEST 4TH STREET,O6
BK,5407 5 AVENUE,O8
MN,53 LITTLE WEST 12 ST,O5
MN,413 WEST 14 STREET,O5
QN,32-72 STEINWAY STREET,O5
MN,557 8 AVENUE,O5
MN,220 WEST 19 STREET,O6
MN,370 7 AVENUE,O6
MN,183 7 AVENUE,O5
MN,805 AVENUE OF THE AMER,O5
QN,24-48 49 STREET,O5
MN,24 WEST 28 STREET,O5
MN,43 WEST 29 STREET,O5
BK,509 5 AVENUE,O5
BK,367 AVENUE X,O5
MN,38 WEST 39 STREET,O5
MN,40 WEST 39 STREET,O5
MN,240 5 AVENUE,O5
MN,42 WEST 39 STREET,O6
QN,92-11 ROOSEVELT AVENUE,O8
MN,414 EAST 75 STREET,O5
MN,866 AVENUE OF THE AMER,O6
BK,1392 FULTON STREET,O5
SI,950 WEST FINGERBOARD RD,O5
SI,201 EDGEWATER STREET,O5
BK,101 RICHARDSON STREET,O5
MN,33 EAST 20 STREET,O5
MN,164 CANAL STREET,O5
MN,147 WEST 25 STREET,O6
BK,484 MCDONALD AVENUE,O8
BK,107 SOUTH 4 STREET,O8
MN,32 GANSEVOORT STREET,O5
MN,330 WEST 38 STREET,O6
MN,72 GREENE STREET,O5
MN,202 WEST 40 STREET,O6
MN,47 WEST 14 STREET,O5
MN,51 WEST 14 STREET,O5
MN,19 WEST 36 STREET,O6
MN,8 EAST 34 STREET,O6
MN,424 MADISON AVENUE,O6
BX,3272 BOSTON ROAD,O5
MN,148 LAFAYETTE STREET,O6
MN,860 WASHINGTON STREET,O6
MN,44 WEST 28 STREET,O6
BK,1379 54 STREET,O8
BX,1610 WILLIAMSBRIDGE ROAD,O8
BX,2132 MATTHEWS AVENUE,O8
BX,1085 ALLERTON AVENUE,O5
MN,281 PARK AVENUE SOUTH,O5
MN,150 VARICK STREET,O6
MN,286 PARK AVENUE SOUTH,O6
MN,329 PARK AVENUE SOUTH,O6
BK,48 DOBBIN STREET,O8
BX,2300 EASTCHESTER ROAD,O5
BK,260 BROADWAY,O5
MN,116 EAST 27 STREET,O6
MN,377 PARK AVENUE SOUTH,O6
MN,390 3 AVENUE,O5
BK,159 20 STREET,O5
BK,140 21 STREET,O5
MN,132 EAST 28 STREET,O5
BK,2886 NOSTRAND AVENUE,O5
MN,116 LEXINGTON AVENUE,O5
QN,79-20 CYPRESS AVENUE,O5
BK,743 58 STREET,O8
BK,1713 8 AVENUE,O5
MN,112 EAST 30 STREET,O6
MN,117 EAST 31 STREET,O8
MN,37 WEST 28 STREET,O6
MN,294 8 AVENUE,O5
MN,523 EAST 73 STREET,O5
MN,464 WEST 145 STREET,O8
MN,1536 3 AVENUE,O5
MN,576 5 AVENUE,O6
BK,1691 PITKIN AVENUE,O5
BX,825 EAST 141 STREET,O6
SI,198 PULASKI AVENUE,O5
MN,44 WEST 37 STREET,O6
MN,25 WEST 39 STREET,O6
MN,920 3 AVENUE,O5
MN,145 EAST 116 STREET,O5
BX,391 EAST 149 STREET,O5
BK,6024 14 AVENUE,O5
BK,612 60 STREET,O5
QN,253-02 147 AVENUE,O8
QN,91-31 QUEENS BOULEVARD,O5
QN,30-07 39 AVENUE,O5
BX,1942 WILLIAMSBRIDGE ROAD,O5
MN,511 WEST 25 STREET,O6
QN,36-22 MAIN STREET,O5
SI,107 NELSON AVENUE,O8
BK,2467 OCEAN AVENUE,O8
QN,27-35 JACKSON AVENUE,O5
BX,949 SOUTHERN BOULEVARD,O5
MN,39 EAST BROADWAY,O5
QN,40-46 74 STREET,O8
BX,5500 BROADWAY,O5
QN,58-47 188 STREET,O8
QN,38-01 QUEENS BOULEVARD,O6
BX,5580 BROADWAY,O5
MN,390 BROADWAY,O5
BX,4234 VIREO AVENUE,O5
BK,103 NORTH 13 STREET,O6
QN,90-18 SUTPHIN BOULEVARD,O5
BK,215 54 STREET,O8
BK,1140 EASTERN PARKWAY,O8
SI,105 BENTON AVENUE,O8
QN,24-20 JACKSON AVENUE,O5
MN,111 WEST 19 STREET,O6
BK,745 OCEAN PARKWAY,O8
MN,348 WEST 14 STREET,O5
MN,532 MADISON AVENUE,O6
BX,105 BRUCKNER BOULEVARD,O5
MN,566 7 AVENUE,O6
MN,145 EAST 125 STREET,O5
BX,3801 BRONXWOOD AVENUE,O5
BK,156 FLUSHING AVENUE,O5
QN,14-02 150 STREET,O8
QN,149-16 JAMAICA AVENUE,O8
SI,4206 AMBOY ROAD,O8
MN,184 5 AVENUE,O6
BK,698 EAST 98 STREET,O5
BK,9801 FOSTER AVENUE,O5
BX,1379 WHITE PLAINS ROAD,O5
MN,250 WEST 84 STREET,O5
MN,261 CANAL STREET,O5
MN,174 HUDSON STREET,O5
MN,123 WATTS STREET,O8
MN,205 HUDSON STREET,O6
BX,3665 EAST TREMONT AVENUE,O8
MN,143 GRAND STREET,O5
BK,1717 EAST 12 STREET,O5
MN,197 GRAND STREET,O6
MN,100 BOWERY,O5
BK,8402 18 AVENUE,O5
MN,554 5 AVENUE,O5
BK,769 50 STREET,O5
BK,687 LENOX ROAD,O8
MN,431 5 AVENUE,O5
QN,196-20 119 AVENUE,O8
MN,460 WEST 34 STREET,O6
MN,228 WEST 38 STREET,O5
MN,230 WEST 38 STREET,O6
MN,153 WEST 27 STREET,O6
MN,31 WEST 19 STREET,O5
MN,20 WEST 22 STREET,O6
MN,16 WEST 23 STREET,O5
MN,36 EAST 20 STREET,O6
MN,33 EAST 21 STREET,O6
MN,12 EAST 32 STREET,O6
QN,40-42 82 STREET,O5
MN,381 PARK AVENUE SOUTH,O6
QN,238-17 GAR BRADDOCK AVENUE,O5
MN,557 BROADWAY,O6
BK,1902 86 STREET,O5
MN,54 WEST 21 STREET,O6
BX,1244 MANOR AVENUE,O5
BK,446 BROADWAY,O5
BK,730 BROADWAY,O5
MN,31 WASHINGTON SQUARE W,O8
BK,114 FORREST STREET,O5
QN,37-66 72 STREET,O5
MN,766 AMSTERDAM AVENUE,O5
QN,101-02 LEFFERTS BOULEVARD,O8
QN,90-15 SUTPHIN BOULEVARD,O5
QN,66-58 FRESH POND ROAD,O5
SI,4442 ARTHUR KILL ROAD,O5
QN,8-11 43 ROAD,O5
MN,1200 AVENUE OF THE AMER,O5
BX,3397 EAST TREMONT AVENUE,O5
MN,25 WEST 35 STREET,O5
MN,33 WEST 46 STREET,O6
MN,330 WEST 34 STREET,O6
BK,7503 FT HAMILTON PARKWAY,O8
QN,102-30 CORONA AVENUE,O8
BK,100 MYRTLE AVENUE,O6
MN,211 EAST 123 STREET,O5
MN,821 BROADWAY,O6
MN,13 WEST 37 STREET,O6
MN,1 WEST 37 STREET,O6
MN,462 PARK AVENUE SOUTH,O6
QN,251-15 UNION TURNPIKE,O8
BX,1363 JEROME AVENUE,O5
MN,514 WEST 49 STREET,O5
MN,128 WEST 31 STREET,O6
MN,571 WEST 183 STREET,O8
BK,792 FLUSHING AVENUE,O5
MN,5 WEST 54 STREET,O5
MN,903 MADISON AVENUE,O5
MN,321 EAST 61 STREET,O6
MN,681 5 AVENUE,O6
MN,1720 AMSTERDAM AVENUE,O5
QN,30-25 36 STREET,O8
SI,445 CLAWSON STREET,O8
MN,39 WEST 29 STREET,O6
QN,11-11 40 AVENUE,O5
QN,89-20 LIBERTY AVENUE,O5
SI,1340 FOREST AVENUE,O8
BK,182 BUTLER STREET,O5
BK,2005 OCEAN AVENUE,O8
QN,120-17 18 AVENUE,O8
MN,7 WEST 54 STREET,O8
QN,142-23 BOOTH MEMORIAL AVE,O8
BK,2752 WEST 16 STREET,O8
BK,2906 SHELL ROAD,O5
BK,1010 GATES AVENUE,O5
QN,146-06 DELAWARE AVENUE,O8
MN,18 BOWERY,O8
QN,25-56 31 STREET,O5
MN,817 BROADWAY,O6
QN,70-10 AUSTIN STREET,O5
QN,66-11 WOODHAVEN BOULEVARD,O8
BK,470 PENNSYLVANIA AVENUE,O8
MN,13 WEST 27 STREET,O6
MN,117 CHRYSTIE STREET,O5
BK,446 BAY RIDGE PARKWAY,O8
BK,1795 CONEY ISLAND AVENUE,O5
MN,28 ELIZABETH STREET,O5
QN,35-20 BELL BOULEVARD,O5
MN,419 WEST 13 STREET,O5
MN,237 EAST 31 STREET,O8
MN,500 8 AVENUE,O6
MN,306 WEST 19 STREET,O8
MN,253 WEST 28 STREET,O6
MN,223 WEST 29 STREET,O8
MN,111 WEST 17 STREET,O5
MN,31 WEST 27 STREET,O6
MN,252 WEST 38 STREET,O6
MN,17 WEST 20 STREET,O5
MN,154 5 AVENUE,O6
MN,2298 1 AVENUE,O5
BK,222 DITMAS AVENUE,O5
MN,216 EAST 49 STREET,O5
MN,219 EAST 49 STREET,O5
QN,76-09 QUEENS BOULEVARD,O5
BK,822 59 STREET,O5
MN,611 WASHINGTON STREET,O6
BX,260 EAST 138 STREET,O5
BX,354 EAST 149 STREET,O5
BX,368 EAST 149 STREET,O5
BX,370 EAST 149 STREET,O5
BX,384 EAST 149 STREET,O5
BX,355 EAST 149 STREET,O5
BX,296 EAST 149 STREET,O5
BX,289 EAST 149 STREET,O5
BK,210 FLUSHING AVENUE,O5
BK,285 KENT AVENUE,O5
SI,215 BAY STREET,O5
MN,116 EAST 16 STREET,O6
MN,144 EAST 44 STREET,O6
MN,868 LEXINGTON AVENUE,O5
MN,116 EAST 124 STREET,O5
BX,1574 BATHGATE AVENUE,O5
BX,516 EAST TREMONT AVENUE,O5
QN,29-16 23 AVENUE,O5
QN,202-18 45 AVENUE,O5
BK,306 MALCOLM X BOULEVARD,O8
BX,844 ST ANNS AVENUE,O5
MN,125 WEST 18 STREET,O6
BK,236 HURON STREET,O8
QN,25-11 49 AVENUE,O6
QN,10-34 44 DRIVE,O5
MN,675 5 AVENUE,O5
BK,6501 11 AVENUE,O8
BK,1938 CONEY ISLAND AVENUE,O6
MN,2 WEST 46 STREET,O6
BK,794 UNION STREET,O5
BK,21 DIVISION PLACE,O5
BK,762 59 STREET,O6
QN,50-02 5 STREET,O5
MN,428 WEST 19 STREET,O5
QN,161-01 JAMAICA AVENUE,O5
QN,21-52 44 DRIVE,O5
QN,37-23 27 STREET,O5
QN,94-03 ROOSEVELT AVENUE,O5
BK,2801 GLENWOOD ROAD,O8
BK,2233 NOSTRAND AVENUE,O5
BK,38 FLATBUSH AVENUE,O6
MN,1648 BROADWAY,O6
MN,17 EAST 31 STREET,O5
BK,2508 OCEAN AVENUE,O8
MN,41 WEST 57 STREET,O6
QN,113-13 76 ROAD,O8
MN,454 WEST 41 STREET,O5
BK,1430 PITKIN AVENUE,O5
QN,37-41 91 STREET,O8
BK,6014 11 AVENUE,O5
QN,61-37 FRESH MEADOW LANE,O5
MN,237 EAST 39 STREET,O8
BX,213 FORDHAM STREET,O5
MN,168 5 AVENUE,O5
MN,233 PARK AVENUE SOUTH,O6
MN,115 EAST 23 STREET,O6
MN,132 WEST 125 STREET,O5
MN,133 EAST 39 STREET,O8
MN,1970 7 AVENUE,O5
BK,2234 MCDONALD AVENUE,O5
MN,12 EAST 46 STREET,O6
MN,79 GREENE STREET,O5
MN,686 LEXINGTON AVENUE,O5
BK,4620 3 AVENUE,O5
MN,265 MADISON AVENUE,O5
MN,174 BROADWAY,O6
MN,17 EAST 48 STREET,O6
QN,47-16 AUSTELL PLACE,O5
MN,650 1 AVENUE,O6
MN,427 BROADWAY,O5
BK,32 SMITH STREET,O6
BK,367 AVENUE U,O5
MN,55 WEST 28 STREET,O5
QN,69-02 AUSTIN STREET,O5
BK,879 GRAND STREET,O5
QN,46-41 VERNON BOULEVARD,O5
QN,89-00 SUTPHIN BOULEVARD,O5
SI,60 BAY STREET,O6
QN,11-03 45 AVENUE,O5
BK,1423 BROADWAY,O5
BK,33 FLATBUSH AVENUE,O6
MN,1550 3 AVENUE,O5
MN,20 EAST BROADWAY,O5
MN,241 WEST 29 STREET,O6
BK,2261 CHURCH AVENUE,O5
MN,132 NASSAU STREET,O5
MN,154 EAST 55 STREET,O5
MN,324 LAFAYETTE STREET,O6
MN,255 GREENWICH STREET,O6
MN,122 MOTT STREET,O5
BK,268 NORMAN AVENUE,O5
MN,33 GREAT JONES STREET,O6
BK,1302 KINGS HIGHWAY,O5
BK,94 NORTH 12 STREET,O5
MN,2067 BROADWAY,O6
QN,137-10 NORTHERN BOULEVARD,O5
MN,49 NASSAU STREET,O5
BK,700 3 AVENUE,O5
MN,175 CANAL STREET,O5
MN,151 WEST 19 STREET,O6
MN,431 CANAL STREET,O6
MN,154 GRAND STREET,O5
MN,171 VARICK STREET,O6
MN,2035 2 AVENUE,O5
MN,34 WEST 32 STREET,O6
MN,513 WEST 20 STREET,O6
MN,511 WEST 20 STREET,O5
MN,320 WEST 46 STREET,O5
MN,45 WEST 47 STREET,O5
MN,119 EAST 55 STREET,O8
QN,56-16 MAIN STREET,O5
QN,80-03 189 STREET,O8
BX,607 SOUNDVIEW AVENUE,O5
MN,30 EAST 40 STREET,O6
MN,278 MADISON AVENUE,O6
MN,165 MERCER STREET,O5
QN,70-04 AUSTIN STREET,O5
QN,213-07 NORTHERN BOULEVARD,O5
MN,114 WEST 26 STREET,O6
MN,55 WEST 45 STREET,O6
MN,29 EAST 21 STREET,O5
MN,36 EAST 30 STREET,O5
MN,21 IRVING PLACE,O6
MN,210 EAST 23 STREET,O5
MN,204 EAST 23 STREET,O5
MN,228 EAST 71 STREET,O8
BX,428 EAST 149 STREET,O5
BX,369 EAST 149 STREET,O6
MN,26 WEST 17 STREET,O6
MN,669 8 AVENUE,O6
MN,741 MADISON AVENUE,O5
BK,9211 FLATLANDS AVENUE,O8
BK,259 BANKER STREET,O8
MN,120 EAST 56 STREET,O6
QN,11-11 44 ROAD,O5
MN,240 WEST 40 STREET,O6
MN,11 EAST 47 STREET,O5
QN,61-42 MASPETH AVENUE,O5
BK,245 5 AVENUE,O8
BK,14 53 STREET,O6
BK,2125 UTICA AVENUE,O5
BK,36 WAVERLY AVENUE,O5
MN,26 WEST 47 STREET,O6
MN,252 WEST 31 STREET,O5
BK,3047 AVENUE U,O5
BK,229 49 STREET,O5
QN,54-15 48 STREET,O5
BX,2511 EAST TREMONT AVENUE,O8
SI,896 TARGEE STREET,O8
BK,845 BROADWAY,O5
BK,4421 13 AVENUE,O5
QN,23-06 24 AVENUE,O8
MN,220 LAFAYETTE STREET,O5
MN,1 WEST 34 STREET,O6
MN,5 EAST 19 STREET,O5
MN,410 MADISON AVENUE,O6
MN,10 EAST 23 STREET,O5
MN,84 BOWERY,O5
BK,81 WILLOUGHBY STREET,O6
SI,55 MIDLAND AVENUE,O8
MN,311 EAST 58 STREET,O5
SI,1468 RICHMOND AVENUE,O8
QN,214-81 JAMAICA AVENUE,O8
MN,639 11 AVENUE,O5
MN,26 EAST 64 STREET,O5
MN,17 EAST 71 STREET,O5
BK,3607 QUENTIN ROAD,O8
BK,188 MONTAGUE STREET,O6
SI,2305 HYLAN BOULEVARD,O8
BX,1790 RANDALL AVENUE,O5
MN,195 CHRYSTIE STREET,O6
QN,109-71 FRANCIS LEWIS BLVD,O8
BK,61 WEST STREET,O5
BK,2922 SHELL ROAD,O5
BK,416 BAY RIDGE PARKWAY,O8
BK,9015 5 AVENUE,O8
MN,225 PARK AVENUE SOUTH,O6
BK,205 MONTAGUE STREET,O5
BK,6717 4 AVENUE,O5
MN,864 AVENUE OF THE AMER,O5
MN,18 EAST 16 STREET,O6
BK,2 SKILLMAN STREET,O5
MN,1156 AVENUE OF THE AMER,O6
BK,403 5 AVENUE,O5
MN,24 WEST 57 STREET,O6
MN,40 WORTH STREET,O6
MN,38 WEST 21 STREET,O6
MN,15 WEST 36 STREET,O6
MN,110 WEST 57 STREET,O6
BK,326 LIVINGSTON STREET,O5
MN,315 WEST 35 STREET,O6
BK,1834 ROCKAWAY PARKWAY,O8
BK,517 PARK AVENUE,O5
MN,206 EAST 38 STREET,O5
MN,19 WEST 21 STREET,O6
MN,830 3 AVENUE,O6
QN,119-19 JAMAICA AVENUE,O8
MN,250 WEST 40 STREET,O6
QN,260-09 HILLSIDE AVENUE,O5
MN,2082 ADAM C POWELL BLVD,O6
MN,315 EAST 83 STREET,O5
MN,2 WEST 47 STREET,O6
MN,17 WEST 24 STREET,O5
MN,16 WEST 39 STREET,O6
MN,5 EAST 38 STREET,O6
MN,302 5 AVENUE,O6
MN,1271 BROADWAY,O6
MN,4 WEST 33 STREET,O6
MN,22 WEST 34 STREET,O5
MN,313 5 AVENUE,O5
BX,2595 WEBSTER AVENUE,O5
QN,131-08 40 ROAD,O5
QN,72-19 ROOSEVELT AVENUE,O5
BK,5417 18 AVENUE,O5
BK,4306 3 AVENUE,O5
QN,47-01 QUEENS BOULEVARD,O5
MN,29 WEST 38 STREET,O6
SI,16 ROSS AVENUE,O8
MN,344 EAST 59 STREET,O5
BK,333 SCHOLES STREET,O5
MN,635 AVENUE OF THE AMER,O6
MN,209 WEST 38 STREET,O6
SI,139 CANAL STREET,O5
BX,4466 BAYCHESTER AVENUE,O5
BK,223 SPENCER STREET,O6
MN,108 2 AVENUE,O5
MN,225 WEST 36 STREET,O6
QN,74-09 37 AVENUE,O5
MN,256 WEST 116 STREET,O5
BK,1203 AVENUE J,O5
MN,481 10 AVENUE,O5
MN,16 EAST 79 STREET,O5
MN,351 PARK AVENUE SOUTH,O6
QN,40-29 27 STREET,O5
MN,7 EAST 40 STREET,O6
BK,2922 AVENUE R,O5
MN,29 WEST 47 STREET,O6
MN,21 WEST 47 STREET,O6
BX,228 EAST 144 STREET,O5
MN,130 WEST 29 STREET,O6
MN,36 WEST 36 STREET,O6
MN,38 WEST 38 STREET,O5
MN,12 WEST 31 STREET,O6
BK,719 BROADWAY,O5
BK,492 THROOP AVENUE,O5
MN,2 WEST 45 STREET,O6
MN,135 MADISON AVENUE,O6
MN,400 WEST BROADWAY,O5
MN,1115 BROADWAY,O6
MN,1149 BROADWAY,O5
MN,158 WEST 27 STREET,O6
BX,2810 3 AVENUE,O6
MN,1 BROADWAY,O6
MN,234 5 AVENUE,O5
MN,68 EAST BROADWAY,O5
QN,153-17 JAMAICA AVENUE,O5
BX,3152 ALBANY CRESCENT,O5
MN,250 LAFAYETTE STREET,O5
MN,52 BROADWAY,O6
BK,1733 SHEEPSHEAD BAY ROAD,O5
MN,200 VARICK STREET,O6
MN,13 UNIVERSITY PLACE,O5
QN,18-16 127 STREET,O5
MN,246 5 AVENUE,O5
MN,287 PARK AVENUE SOUTH,O6
MN,8 EAST 41 STREET,O6
QN,37-16 30 AVENUE,O5
BX,3233 WHITE PLAINS ROAD,O8
BK,836 MANHATTAN AVENUE,O5
MN,51 WOOSTER STREET,O5
QN,43-31 36 STREET,O5
BK,834 CONEY ISLAND AVENUE,O5
QN,99-17 63 ROAD,O5
QN,99-13 63 ROAD,O5
QN,212-14 NORTHERN BOULEVARD,O5
MN,31 WEST 125 STREET,O5
QN,116-03 LIBERTY AVENUE,O8
QN,219-10 SPRINGFIELD BLVD,O5
QN,36-06 34 AVENUE,O5
MN,530 BROADWAY,O6
MN,36 WEST 47 STREET,O6
BK,296 20 STREET,O5
MN,249 WEST 34 STREET,O6
QN,144-01 JEWEL AVENUE,O8
BX,337 EAST 149 STREET,O5
MN,212 WEST 29 STREET,O5
MN,215 WEST 125 STREET,O5
MN,343 7 AVENUE,O5
BK,1027 LIBERTY AVENUE,O8
MN,353 WEST 39 STREET,O6
MN,333 WEST 39 STREET,O6
MN,21 MURRAY STREET,O5
MN,384 BROADWAY,O5
QN,68-08 FOREST AVENUE,O8
MN,273 CANAL STREET,O5
MN,165 GRAND STREET,O5
MN,40 10 AVENUE,O6
MN,120 EAST BROADWAY,O5
QN,40-36 JUNCTION BOULEVARD,O8
MN,20 VESEY STREET,O6
MN,1 WEST 22 STREET,O5
MN,104 FRANKLIN STREET,O5
MN,129 WEST 27 STREET,O6
MN,123 5 AVENUE,O5
MN,335 5 AVENUE,O5
QN,142-09 37 AVENUE,O8
QN,142-03 37 AVENUE,O8
QN,51-04 VERNON BOULEVARD,O8
MN,10 WEST 57 STREET,O6
MN,20 WEST 57 STREET,O6
MN,112 WEST 17 STREET,O5
BK,9201 FLATLANDS AVENUE,O5
SI,4143 RICHMOND AVENUE,O8
QN,41-05 31 AVENUE,O8
MN,242 WEST 30 STREET,O6
QN,74-06 METROPOLITAN AVENUE,O8
MN,255 WEST 36 STREET,O6
BK,90 LIVINGSTON STREET,O5
MN,45 EAST 20 STREET,O6
MN,125 WEST 94 STREET,O8
MN,160 EAST 56 STREET,O6
BK,1777 FLATBUSH AVENUE,O8
MN,167 EAST 73 STREET,O8
MN,113 EAST 77 STREET,O8
BK,95 EVERGREEN AVENUE,O5
QN,104-70 QUEENS BOULEVARD,O5
MN,2108 ADAM C POWELL BLVD,O6
QN,120-46 QUEENS BOULEVARD,O5
BX,3119 WEBSTER AVENUE,O5
MN,15 WEST 18 STREET,O6
MN,7 WEST 18 STREET,O6
QN,41-20A COLLEGE POINT BLVD,O5
MN,94 MOTT STREET,O5
MN,148 WEST 24 STREET,O6
BK,5317 13 AVENUE,O5
MN,99 MADISON AVENUE,O6
BK,2329 NOSTRAND AVENUE,O5
QN,10-11 49 AVENUE,O8
MN,409 EAST 60 STREET,O5
QN,83-20 ROOSEVELT AVENUE,O5
BK,5212 4 AVENUE,O8
MN,120 WOOSTER STREET,O5
QN,136-82 39 AVENUE,O5
MN,24 WEST 25 STREET,O6
MN,215 EAST 58 STREET,O5
BK,738 5 AVENUE,O8
MN,9 EAST 47 STREET,O5
MN,138 5 AVENUE,O5
BX,2548 EAST TREMONT AVENUE,O8
BX,558 GRAND CONCOURSE,O5
QN,150-25 HILLSIDE AVENUE,O5
SI,790 PORT RICHMOND AVENUE,O5
QN,27-08 42 ROAD,O5
MN,402 BROADWAY,O5
MN,188 GRAND STREET,O5
MN,110 WEST 30 STREET,O6
MN,127 EAST 56 STREET,O5
MN,403 BROOME STREET,O6
MN,409 LAFAYETTE STREET,O5
MN,1161 BROADWAY,O5
BK,166 LIVINGSTON STREET,O5
BK,181 MONTAGUE STREET,O5
MN,23 WEST 36 STREET,O5
QN,39-17 MAIN STREET,O5
MN,407 BROOME STREET,O6
MN,320 WEST 13 STREET,O6
MN,129 WEST 29 STREET,O6
BK,774 53 STREET,O5
MN,540 BROADWAY,O5
MN,400 LAFAYETTE STREET,O5
SI,194 TARGEE STREET,O5
MN,36 WEST 20 STREET,O6
BK,7513 FT HAMILTON PARKWAY,O8
BK,124 9 STREET,O5
BX,991 MORRIS PARK AVENUE,O5
SI,4299 HYLAN BOULEVARD,O8
QN,170-07 HILLSIDE AVENUE,O8
BK,155 PRINCE STREET,O5
SI,5091 AMBOY ROAD,O8
MN,122 EAST 55 STREET,O5
MN,40 WEST 38 STREET,O5
MN,247 WEST 35 STREET,O6
MN,119 WEST 25 STREET,O6
MN,2230 8 AVENUE,O5
MN,410 EAST 10 STREET,O5
BK,394 ROCKAWAY AVENUE,O5
MN,11 WEST 19 STREET,O6
MN,49 WEST 24 STREET,O6
MN,15 CATHERINE STREET,O6
MN,165 MADISON AVENUE,O5
BK,37 FLATBUSH AVENUE,O6
BK,2554 LINDEN BOULEVARD,O5
QN,20-48 119 STREET,O5
QN,21-02 49 AVENUE,O6
BK,3904 16 AVENUE,O5
MN,609 WEST 46 STREET,O5
MN,601 WEST 26 STREET,O6
MN,343 LEXINGTON AVENUE,O5
MN,41 UNION SQUARE,O6
MN,210 EAST 49 STREET,O5
SI,464 MANOR ROAD,O8
QN,72-32 BROADWAY,O5
BK,1630 EAST 15 STREET,O5
MN,767 LEXINGTON AVENUE,O5
MN,10 EAST 41 STREET,O6
MN,514 WEST 57 STREET,O5
QN,11-15 47 AVENUE,O5
MN,121 WEST 27 STREET,O6
BK,7508 15 AVENUE,O8
BK,2016 AVENUE M,O5
QN,119-05 SUTPHIN BOULEVARD,O8
MN,537 8 AVENUE,O5
BK,3234 NOSTRAND AVENUE,O8
BK,230 43 STREET,O5
MN,205 LEXINGTON AVENUE,O6
BK,5002 AVENUE M,O5
QN,136-63 41 AVENUE,O5
BK,766 55 STREET,O8
MN,720 5 AVENUE,O6
BK,107 BROADWAY,O5
MN,230 WEST 39 STREET,O6
BX,333 EAST 149 STREET,O5
BK,228 MONTROSE AVENUE,O8
SI,151 INDUSTRIAL LOOP,O5
SI,1412 RICHMOND ROAD,O8
MN,45 DIVISION STREET,O5
MN,703 EAST 6 STREET,O5
SI,1592 RICHMOND AVENUE,O8
QN,151-32 82 STREET,O8
MN,3 EAST 28 STREET,O6
MN,6 EAST 46 STREET,O5
QN,148-46 HILLSIDE AVENUE,O5
MN,316 EAST 59 STREET,O8
BX,820 CONCOURSE VILLAGE W,O5
MN,379 5 AVENUE,O5
MN,401 PARK AVENUE SOUTH,O6
SI,4001 HYLAN BOULEVARD,O8
MN,30 WEST 47 STREET,O6
MN,2276 3 AVENUE,O5
MN,569 BROADWAY,O5
MN,628 BROADWAY,O5
MN,627 BROADWAY,O6
MN,48 WEST 21 STREET,O6
MN,49 WEST 27 STREET,O6
MN,1491 3 AVENUE,O5
BK,2269 65 STREET,O5
BK,104 MONTGOMERY STREET,O8
MN,455 BROADWAY,O5
BK,1121 CONEY ISLAND AVENUE,O8
BK,19 KENT AVENUE,O6
MN,860 BROADWAY,O5
BK,632 UTICA AVENUE,O5
MN,341 HUDSON STREET,O6
BK,6222 NEW UTRECHT AVENUE,O5
MN,903 BROADWAY,O6
MN,2 9 AVENUE,O5
BK,487 CLERMONT AVENUE,O6
MN,72 SPRING STREET,O6
MN,161 BOWERY,O6
MN,210 5 AVENUE,O6
BK,10 JAY STREET,O6
MN,20 MOTT STREET,O6
QN,48-02 30 PLACE,O5
MN,313 WEST 53 STREET,O8
QN,92-30 MERRICK BOULEVARD,O5
MN,349 BROADWAY,O6
MN,134 MADISON AVENUE,O6
QN,43-10 23 STREET,O6
SI,181 BAY STREET,O5
QN,150-10 UNION TURNPIKE,O5
MN,305 EAST 46 STREET,O6
BK,78 KINGSLAND AVENUE,O5
BK,9235 4 AVENUE,O5
BK,275 LIVINGSTON STREET,O5
MN,83 MAIDEN LANE,O6
QN,61-56 SPRINGFIELD BLVD,O5
QN,30-30 NORTHERN BOULEVARD,O6
MN,226 WEST 26 STREET,O6
MN,109 5 AVENUE,O6
MN,135 GRAND STREET,O6
MN,428 BROADWAY,O5
BK,2847 WEST 8 STREET,O5
MN,553 5 AVENUE,O6
QN,162-10 JAMAICA AVENUE,O6
MN,60 MADISON AVENUE,O6
BK,899 BERGEN STREET,O5
MN,64 FULTON STREET,O6
BK,2695 ATLANTIC AVENUE,O8
MN,17 WEST 34 STREET,O6
BX,1526 GRAND CONCOURSE,O5
SI,112 FOSTER ROAD,O8
MN,353 WEST 48 STREET,O5
MN,797 BROADWAY,O6
MN,625 BROADWAY,O6
SI,318 SEGUINE AVENUE,O8
SI,664 BAY STREET,O8
BK,900 CONEY ISLAND AVENUE,O5
BK,927 MCDONALD AVENUE,O5
BK,1213 AVENUE U,O5
QN,34-16 11 STREET,O5
BK,7501 13 AVENUE,O5
MN,391 5 AVENUE,O6
MN,411 5 AVENUE,O6
MN,545 5 AVENUE,O6
MN,39 WEST 37 STREET,O6
QN,31-30 14 STREET,O8
BK,55 PROSPECT STREET,O6
BK,498 FULTON STREET,O6
MN,12 EAST 53 STREET,O5
QN,72-35 51 AVENUE,O5
MN,797 MADISON AVENUE,O5
QN,33-46 FARRINGTON STREET,O5
BK,1416 AVENUE M,O5
QN,37-48 61 STREET,O5
MN,352 7 AVENUE,O6
MN,253 WEST 35 STREET,O6
MN,641 AVENUE OF THE AMER,O6
BK,7217 18 AVENUE,O8
BK,65 15 STREET,O5
BK,1349 BROADWAY,O5
BK,9712 3 AVENUE,O8
BK,42 RED CROSS PLACE,O5
BK,1815 FLATBUSH AVENUE,O5
BX,5997 RIVERDALE AVENUE,O5
MN,587 5 AVENUE,O6
BK,709 BRIGHTON BEACH AVE,O5
BK,825 57 STREET,O8
BK,1723 PITKIN AVENUE,O8
BK,2083 EAST 65 STREET,O8
BK,896 MANHATTAN AVENUE,O5
MN,205 WEST 29 STREET,O5
SI,850 ELBE AVENUE,O5
MN,260 WEST 39 STREET,O6
BK,8010 5 AVENUE,O8
BK,9319 AVENUE L,O8
BK,817 AVENUE H,O5
QN,40-37 74 STREET,O8
QN,108-13 53 AVENUE,O5
MN,940 3 AVENUE,O5
QN,204-12 HILLSIDE AVENUE,O8
BK,7502 COLONIAL ROAD,O8
MN,15 EAST 32 STREET,O6
QN,35-01 36 STREET,O5
MN,12 WEST 37 STREET,O6
QN,41-60 MAIN STREET,O5
SI,5375 HYLAN BOULEVARD,O8
QN,155-33 JAMAICA AVENUE,O5
BX,1860 EAST TREMONT AVENUE,O5
BK,5503 8 AVENUE,O5
MN,1204 BROADWAY,O5
MN,318 WEST 39 STREET,O6
MN,6 WEST 20 STREET,O6
SI,3777 RICHMOND AVENUE,O8
BX,2281 WESTCHESTER AVENUE,O5
BX,3366 BOSTON ROAD,O8
BX,682 MACE AVENUE,O5
BX,770 ALLERTON AVENUE,O5
MN,213 WEST 35 STREET,O6
MN,154 WEST 14 STREET,O6
MN,45 WEST 25 STREET,O6
MN,11 WEST 25 STREET,O6
QN,215-01 42 AVENUE,O5
BK,128 BRIGHTON BEACH AVE,O5
BX,3924 EAST TREMONT AVENUE,O5
SI,199 CLARKE AVENUE,O5
MN,173 CHRISTOPHER STREET,O5
BK,122 18 STREET,O5
BK,77 SANDS STREET,O6
QN,42-02 192 STREET,O5
MN,437 5 AVENUE,O6
MN,39 EAST 30 STREET,O5
MN,38 WEST 48 STREET,O6
MN,610 5 AVENUE,O6
MN,79 5 AVENUE,O6
BK,391 LINDEN BOULEVARD,O8
BK,1164 MANHATTAN AVENUE,O8
SI,3363 RICHMOND AVENUE,O8
BX,2488 GRAND CONCOURSE,O5
BK,5316 NEW UTRECHT AVENUE,O5
BX,260 EAST 161 STREET,O6
MN,149 WEST 27 STREET,O5
MN,179 EAST 116 STREET,O5
MN,384 5 AVENUE,O6
BK,216 PLYMOUTH STREET,O8
MN,159 WEST 25 STREET,O6
QN,82-19 QUEENS BOULEVARD,O5
QN,93-22 JAMAICA AVENUE,O5
BX,1334 EAST GUN HILL ROAD,O5
MN,579 5 AVENUE,O6
MN,873 BROADWAY,O6
MN,74 BROAD STREET,O5
BK,2468 CONEY ISLAND AVENUE,O5
BK,715 BROADWAY,O5
QN,139-21 SPRINGFIELD BLVD,O8
MN,230 PARK AVENUE SOUTH,O6
MN,122 5 AVENUE,O6
MN,121 EAST 27 STREET,O6
MN,620 JOE DIMAGGIO HIGHWAY,O5
MN,108 GREENWICH STREET,O6
MN,393 LAFAYETTE STREET,O6
MN,99 NASSAU STREET,O6
MN,220 EAST 23 STREET,O6
MN,92 WALKER STREET,O6
MN,19 BEEKMAN STREET,O5
BK,1427 38 STREET,O5
BK,6755 3 AVENUE,O8
BK,6700 3 AVENUE,O5
BX,811 WESTCHESTER AVENUE,O5
MN,39 WEST 31 STREET,O6
SI,25 VICTORY BOULEVARD,O5
QN,21-01 41 AVENUE,O5
BK,1670 EAST 17 STREET,O5
SI,3055 RICHMOND ROAD,O8
SI,503 MOSELY AVENUE,O8
MN,30 VESEY STREET,O6
MN,4 BOWERY,O5
MN,560 5 AVENUE,O5
QN,131-24 ROCKAWAY BOULEVARD,O5
QN,90-08 ROCKAWAY BEACH BLVD,O8
MN,214 SULLIVAN STREET,O5
BK,1122 AVENUE J,O5
BK,1412 AVENUE J,O5
BK,5501 NEW UTRECHT AVENUE,O6
BK,2211 CHURCH AVENUE,O5
BK,1335 OCEAN PARKWAY,O8
MN,524 WEST 46 STREET,O8
QN,41-61 KISSENA BOULEVARD,O5
BK,1688 UTICA AVENUE,O5
BK,5027 NEW UTRECHT AVENUE,O5
QN,139-19 FRANKLIN AVENUE,O8
MN,125 EAST 23 STREET,O5
QN,119-19 ROCKAWAY BOULEVARD,O8
MN,20 WEST 55 STREET,O6
MN,265 BROADWAY,O5
BK,103 PUTNAM AVENUE,O8
BK,2361 NOSTRAND AVENUE,O6
BK,99 WALWORTH STREET,O5
SI,191 PORT RICHMOND AVENUE,O8
BK,360 9 STREET,O8
QN,41-02 31 AVENUE,O8
BK,1295 FULTON STREET,O5
MN,214 WEST 14 STREET,O6
BK,341 39 STREET,O6
MN,428 WASHINGTON STREET,O8
BK,147 11 STREET,O5
BK,1402 ATLANTIC AVENUE,O5
BK,1135 EASTERN PARKWAY,O5
MN,420 WEST 14 STREET,O5
MN,449 BROADWAY,O5
BK,340 LIVINGSTON STREET,O5
MN,315 BROADWAY,O5
SI,740 DELAFIELD AVENUE,O8
BK,592 PACIFIC STREET,O8
QN,21-09 BORDEN AVENUE,O6
BK,34 FRANKLIN AVENUE,O5
BK,206 DRIGGS AVENUE,O8
BK,109 SOUTH 5 STREET,O5
BK,1513 BAY RIDGE AVENUE,O8
MN,204 ELIZABETH STREET,O5
MN,33 BOND STREET,O5
QN,36-50 MAIN STREET,O5
QN,150-15 41 AVENUE,O5
MN,380 CANAL STREET,O5
MN,44 NEW STREET,O6
MN,34 WEST 14 STREET,O5
MN,120 LEROY STREET,O6
MN,247 WEST 30 STREET,O6
MN,95 5 AVENUE,O6
MN,23 WEST 23 STREET,O5
BK,16 VAN DYKE STREET,O5
BK,168 7 STREET,O5
BK,777 CONEY ISLAND AVENUE,O5
MN,45 WEST 29 STREET,O5
BK,6825 5 AVENUE,O5
MN,250 WEST 108 STREET,O5
QN,31-01 BROADWAY,O5
QN,35-01 30 AVENUE,O5
QN,37-02 ASTORIA BOULEVARD S,O5
QN,61-19 FLUSHING AVENUE,O5
QN,160-23 ROCKAWAY BOULEVARD,O5
QN,76-01 MYRTLE AVENUE,O8
MN,1 UNION SQUARE WEST,O6
MN,539 8 AVENUE,O5
MN,304 HUDSON STREET,O6
QN,69-27 METROPOLITAN AVENUE,O8
BK,405 5 AVENUE,O8
QN,72-15 GRAND AVENUE,O5
QN,49-05 20 AVENUE,O5
QN,175-01 ROCKAWAY BOULEVARD,O5
BK,51 FURMAN STREET,O6
SI,1150 SOUTH AVENUE,O5
BX,1225 RANDALL AVENUE,O5
MN,1511 3 AVENUE,O5
BK,39 HALL STREET,O6
MN,29 EAST 31 STREET,O5
BX,392 BEDFORD PARK BLVD,O5
BK,1600 KINGS HIGHWAY,O5
BK,4623 AVENUE N,O8
MN,243 CANAL STREET,O5
BK,984 ATLANTIC AVENUE,O5
BK,500 DEKALB AVENUE,O5
BX,3140 EAST TREMONT AVENUE,O5
QN,25-16 169 STREET,O8
SI,150 BAY STREET,O5
QN,219-18 HOR HARDING EP SR S,O5
MN,185 MADISON AVENUE,O6
MN,45 EAST 34 STREET,O5
QN,45-18 LITTLE NECK PARKWAY,O5
MN,89 WALKER STREET,O5
MN,196 CANAL STREET,O5
MN,101 LAFAYETTE STREET,O6
MN,319 GRAND STREET,O5
MN,167 CANAL STREET,O5
MN,239 CANAL STREET,O5
MN,96 BOWERY,O5
MN,18 EAST 46 STREET,O6
MN,572 5 AVENUE,O5
MN,130 5 AVENUE,O6
MN,16 WEST 61 STREET,O6
SI,5941 AMBOY ROAD,O8
BK,126 GREENPOINT AVENUE,O8
BK,1795 CONEY ISLAND AVENUE,O5
BK,3910 5 AVENUE,O8
MN,146 WEST 29 STREET,O6
MN,132 WEST 36 STREET,O6
MN,1372 BROADWAY,O6
MN,155 WEST 46 STREET,O6
MN,1560 BROADWAY,O6
QN,53-20 44 STREET,O5
BK,1733 FLATBUSH AVENUE,O8
QN,12-58 CLINTONVILLE STREET,O8
QN,73-04 EDSALL AVENUE,O8
QN,37-51 72 STREET,O8
QN,37-31 77 STREET,O8
SI,394 MANOR ROAD,O8
BK,234 BROADWAY,O5
MN,49 WEST 23 STREET,O6
MN,12 EAST 33 STREET,O6
MN,16 WEST 56 STREET,O5
MN,210 EAST 117 STREET,O8
MN,1114 1 AVENUE,O6
QN, BRADDOCK AVENUE,O5
QN,53-16 35 STREET,O5
MN,59 ORCHARD STREET,O5
QN,67-09 164 STREET,O8
MN,254 WEST 31 STREET,O6
BK,416 37 STREET,O8
QN,29-15 ASTORIA BOULEVARD,O5
MN,218 MADISON AVENUE,O5
QN,80-32A JAMAICA AVENUE,O5
MN,85 5 AVENUE,O6
MN,894 7 AVENUE,O6
BK,758 61 STREET,O5
BK,1079 60 STREET,O5
MN,315 WEST 44 STREET,O6
MN,71 THOMAS STREET,O6
BK,240 LIVINGSTON STREET,O6
MN,70 EAST BROADWAY,O5
BK,146 CONCORD STREET,O6
BK,2671 86 STREET,O8
MN,444 WEST 15 STREET,O6
MN,1097 BROADWAY,O6
MN,126 READE STREET,O5
MN,218 WEST 18 STREET,O6
QN,75-20 ASTORIA BOULEVARD S,O5
BK,6317 18 AVENUE,O5
MN,15 WEST 21 STREET,O6
MN,500 7 AVENUE,O6
MN,161 AVENUE OF THE AMER,O6
BK,1761 EAST 12 STREET,O8
MN,2091 BROADWAY,O5
BK,117 ADAMS STREET,O6
MN,115 WATTS STREET,O5
BK,53 PEARL STREET,O5
BK,800 BROADWAY,O5
BX,1144 ZEREGA AVENUE,O5
BK,29 COLUMBIA HEIGHTS,O6
MN,78 VANDAM STREET,O6
BK,390 BERRY STREET,O5
MN,280 BROADWAY,O6
MN,408 BROADWAY,O5
MN,40 THOMPSON STREET,O6
MN,91 5 AVENUE,O6
MN,139 5 AVENUE,O5
MN,114 BAXTER STREET,O5
MN,39 EAST 13 STREET,O6
MN,1841 BROADWAY,O6
SI,217 ROSE AVENUE,O8
BK,210 NORTH 6 STREET,O8
MN,10 WEST 47 STREET,O6
MN,16 WEST 47 STREET,O6
MN,261 WEST 126 STREET,O8
QN,36-10 BROADWAY,O5
BK,2136 OCEAN AVENUE,O8
BK,276 HICKS STREET,O8
BX,1953 UNIVERSITY AVENUE,O5
BK,2919 AVENUE S,O8
MN,90 MAIDEN LANE,O5
MN,1218 BROADWAY,O6
BK,339 BRIDGE STREET,O6
BK,415 89 STREET,O5
MN,242 WEST 27 STREET,O6
QN,105-34 ROCKAWAY BOULEVARD,O8
SI,4634 AMBOY ROAD,O8
MN,130 PRINCE STREET,O5
MN,536 WEST 26 STREET,O6
QN,132-50 41 AVENUE,O8
SI,710 FOREST AVENUE,O8
QN,42-72 KISSENA BOULEVARD,O8
BK,1300 FLUSHING AVENUE,O5
BK,925 AVENUE T,O5
QN,107-24 37 AVENUE,O5
QN,111-03 101 AVENUE,O8
BK,4714 16 AVENUE,O5
MN,18 WEST 21 STREET,O6
BK,1521 KINGS HIGHWAY,O5
MN,20 WEST 23 STREET,O5
BX,3398 EAST TREMONT AVENUE,O8
MN,619 WEST 145 STREET,O8
MN,822 AVENUE OF THE AMER,O5
MN,258 5 AVENUE,O6
MN,348 LEXINGTON AVENUE,O6
BK,1166 EASTERN PARKWAY,O8
MN,979 3 AVENUE,O6
BK,369 JAY STREET,O5
MN,27 EAST 62 STREET,O6
MN,447 WEST 36 STREET,O8
MN,419 LAFAYETTE STREET,O6
MN,174 5 AVENUE,O5
MN,830 AVENUE OF THE AMER,O5
MN,54 WEST 47 STREET,O5
BK,358 COLUMBIA STREET,O5
BK,1599 EAST 15 STREET,O5
MN,290 MADISON AVENUE,O5
BX,5768 MOSHOLU AVENUE,O5
BK,15 INGRAHAM STREET,O5
BX,EAST 149 STREET,O5
BK,523 OCEAN VIEW AVENUE,O8
MN,1026 AVENUE OF THE AMER,O5
QN,223-01 UNION TURNPIKE,O8
QN,193-02 NORTHERN BOULEVARD,O5
QN,146-01 JAMAICA AVENUE,O5
SI,3767 HYLAN BOULEVARD,O8
BK,5824 14 AVENUE,O8
MN,60 WEST 40 STREET,O6
MN,1012 MADISON AVENUE,O5
MN,615 WEST 131 STREET,O5
MN,20 WEST 37 STREET,O6
BK,1002 QUENTIN ROAD,O5
MN,408 WEST 14 STREET,O5
QN,136-21 41 AVENUE,O5
BX,58 WESTCHESTER SQUARE,O5
BX,1894 EASTCHESTER ROAD,O5
BX,2008 EASTCHESTER ROAD,O5
MN,214 WEST 29 STREET,O6
MN,155 GRAND STREET,O5
BK,5423 8 AVENUE,O5
MN,160 BROADWAY,O6
MN,244 WEST 49 STREET,O6
BK,1416 AVENUE J,O5
MN,70 WEST 40 STREET,O6
BK,78 RAPELYE STREET,O8
BK,1326 EAST 10 STREET,O8
QN,89-05 JAMAICA AVENUE,O8
MN,74 WADSWORTH AVENUE,O6
MN,353 WEST 46 STREET,O5
QN,42-14 21 STREET,O5
QN,150-33 14 AVENUE,O5
QN,9-01 43 AVENUE,O5
MN,227 EAST 56 STREET,O5
BK,1070 MCDONALD AVENUE,O5
MN,942 3 AVENUE,O5
BK,1305 KINGS HIGHWAY,O5
MN,104 EAST 25 STREET,O6
MN,325 WEST 38 STREET,O6
MN,718 5 AVENUE,O5
MN,304 EAST 49 STREET,O5
BK,462 HUMBOLDT STREET,O8
BX,1938 WILLIAMSBRIDGE ROAD,O5
BK,1301 AVENUE J,O5
BK,1318 AVENUE J,O5
MN,675 AVENUE OF THE AMER,O5
QN,29-76 NORTHERN BOULEVARD,O5
MN,217 BROADWAY,O6
BK,1470 86 STREET,O8
BX,440 EAST FORDHAM ROAD,O6
MN,235 WEST 23 STREET,O6
MN,342 7 AVENUE,O5
QN,34-01 45 STREET,O8
MN,1882 PARK AVENUE,O5
MN,237 WEST 37 STREET,O6
QN,37-31 10 STREET,O5
BX,2466 ARTHUR AVENUE,O8
BX,1804 NEREID AVENUE,O8
BK,4601 13 AVENUE,O5
SI,294 NEW DORP LANE,O5
MN,27 WEST 20 STREET,O6
QN,170-09 HILLSIDE AVENUE,O8
BK,583 KINGS HIGHWAY,O8
MN,259 WEST 30 STREET,O6
MN,94 BAYARD STREET,O5
MN,1502 3 AVENUE,O5
QN,142-31 37 AVENUE,O8
BK,5801 AVENUE N,O8
MN,519 MADISON AVENUE,O5
BK,18 CUMBERLAND STREET,O5
MN,48 WEST 48 STREET,O6
BK,1488 SCHENECTADY AVENUE,O5
BK,3001 AVENUE U,O5
QN,64-36 MYRTLE AVENUE,O5
QN,158-14 NORTHERN BOULEVARD,O5
BK,1083 MCDONALD AVENUE,O5
QN,91-20 146 STREET,O5
QN,208-01 NORTHERN BOULEVARD,O5
QN,131-35 FOWLER AVENUE,O5
QN,40-19 159 STREET,O5
SI,272 SLOSSON AVENUE,O8
MN,105 EAST 106 STREET,O6
BK,5006 16 AVENUE,O5
SI,74 POND STREET,O8
QN,152-50 ROCKAWAY BOULEVARD,O5
QN,30-62 79 STREET,O8
BK,1908 CONEY ISLAND AVENUE,O5
SI,50 COOPER AVENUE,O8
MN,2331 12 AVENUE,O5
SI,2109 VICTORY BOULEVARD,O8
MN,211 WEST 19 STREET,O5
BK,7804 13 AVENUE,O8
SI,5405 HYLAN BOULEVARD,O8
BK,1416 EAST 64 STREET,O5
MN,527 AVENUE OF THE AMER,O5
BK,1807 AVENUE P,O8
MN,301 MADISON AVENUE,O5
BK,66 KNICKERBOCKER AVENUE,O5
MN,17 UNION SQUARE,O6
SI,2271 CLOVE ROAD,O8
QN,101-07 101 AVENUE,O8
QN,107-05 101 AVENUE,O8
QN,168-43 HILLSIDE AVENUE,O5
BK,656 72 STREET,O8
BK,209 25 STREET,O5
MN,206 CENTRE STREET,O5
BK,1720 AVENUE Z,O5
BX,2368 WESTCHESTER AVENUE,O5
QN,104-01 ROOSEVELT AVENUE,O5
QN,112-09 QUEENS BOULEVARD,O6
MN,63 PRINCE STREET,O6
MN,264 CANAL STREET,O5
MN,370 BROADWAY,O5
MN,44 HUDSON STREET,O8
BK,2242 CHURCH AVENUE,O5
MN,43 WEST 24 STREET,O6
MN,460 BROOME STREET,O5
MN,362 9 AVENUE,O6
MN,251 WEST 30 STREET,O6
MN,1158 BROADWAY,O5
MN,244 5 AVENUE,O6
MN,34 EAST 23 STREET,O5
SI,35 NEW DORP PLAZA,O5
QN,108-03 LIBERTY AVENUE,O8
SI,1032 VICTORY BOULEVARD,O8
MN,1011 MADISON AVENUE,O5
QN,238-17 BRADDOCK AVENUE,O5
MN,32 CLIFF STREET,O5
MN,257 WEST 39 STREET,O6
QN,45-25 162 STREET,O5
QN,63-52 SAUNDERS STREET,O8
QN,177-28 150 AVENUE,O5
QN,154-06 145 DRIVE,O5
MN,537 WEST 125 STREET,O5
MN,2929 BROADWAY,O5
BK,106 PENNSYLVANIA AVENUE,O8
MN,118 WEST 27 STREET,O6
BK,1314 AVENUE J,O5
QN,202-16 45 AVENUE,O5
QN,250-16 UNION TURNPIKE,O8
QN,68-08 WOODSIDE AVENUE,O5
SI,3225 VICTORY BOULEVARD,O8
QN,114-20 ROCKAWAY BOULEVARD,O8
SI,30 BAY STREET,O6
QN,30-22 NEWTOWN AVENUE,O5
QN,89-18 101 AVENUE,O5
BK,1694 64 STREET,O8
QN,261-06 EAST WILLISTON AVE,O5
MN,305 WEST 21 STREET,O8
BX,101 FATHER ZEISER PLACE,O5
BK,7815 4 AVENUE,O8
QN,108-16 63 ROAD,O8
MN,443 PARK AVENUE SOUTH,O6
BK,1812 BATH AVENUE,O5
BK,3422 QUENTIN ROAD,O8
SI,56 BEACH STREET,O8
MN,226 WEST 37 STREET,O6
QN,26-19 212 STREET,O5
BK,4 ARLINGTON AVENUE,O5
MN,347 WEST 36 STREET,O6
MN,355 WEST 36 STREET,O6
BX,2633 WEBSTER AVENUE,O5
MN,218 WEST 37 STREET,O6
SI,973 TARGEE STREET,O8
BK,9201 4 AVENUE,O6
BK,2115 AVENUE X,O5
BX,25 EAST 233 STREET,O8
SI,1775 RICHMOND AVENUE,O8
MN,124 BOWERY,O5
MN,527 WEST 29 STREET,O5
QN,108-21 72 AVENUE,O5
MN,34 WEST 46 STREET,O5
QN,98-08 ASTORIA BOULEVARD,O8
QN,38-01 23 AVENUE,O5
MN,16 BOWERY,O5
MN,140 WEST 31 STREET,O5
MN,5 WEST 31 STREET,O6
QN,27-10 JACKSON AVENUE,O5
MN,450 WEST 126 STREET,O6
MN,87 EAST BROADWAY,O5
BK,823A MONROE STREET,O5
BK,507 FLATBUSH AVENUE,O5
SI,651 WILLOWBROOK ROAD,O5
SI,444 HUGUENOT AVENUE,O8
SI,1887 RICHMOND AVENUE,O8
QN,167-01 HILLSIDE AVENUE,O5
QN,95-38 QUEENS BOULEVARD,O5
BK,1280 DEKALB AVENUE,O5
BK,1417 MYRTLE AVENUE,O5
BK,1809 NOSTRAND AVENUE,O8
BK,1535 PITKIN AVENUE,O5
BK,397 BRIDGE STREET,O6
QN,218-19 JAMAICA AVENUE,O5
BK,6727 14 AVENUE,O8
QN,65-06 FRESH MEADOW LANE,O5
MN,4 WEST 125 STREET,O5
BK,5413 5 AVENUE,O8
MN,544 WEST 27 STREET,O5
MN,83 MOTT STREET,O5
BK,3084 BRIGHTON 13 STREET,O8
SI,7378 AMBOY ROAD,O8
MN,394 BROADWAY,O5
BX,815 BURKE AVENUE,O5
BK,5919 20 AVENUE,O8
MN,592 5 AVENUE,O6
QN,97-11 64 ROAD,O5
QN,97-29 64TH ROAD,O8
SI,25 PORT RICHMOND AVENUE,O8
SI,250 BUEL AVENUE,O5
QN,65-42 FRESH MEADOW LANE,O5
BX,3411 WHITE PLAINS ROAD,O5
QN,82-11 37 AVENUE,O6
QN,25-20 BOROUGH PLACE,O5
BX,1200 WATERS PLACE,O5
MN,1725 PARK AVENUE,O5
QN,93-19 ROOSEVELT AVENUE,O5
MN,257 WEST 19 STREET,O5
MN,48 WEST 38 STREET,O6
MN,32 EAST 31 STREET,O6
MN,215 EAST BROADWAY,O5
BX,2861 BRUCKNER BOULEVARD,O8
QN,37-07 74 STREET,O5
MN,51 ASTOR PLACE,O6
BK,463 PULASKI STREET,O5
MN,218 WEST 40 STREET,O6
MN,159 EAST 116 STREET,O5
QN,38-39 10 STREET,O5
SI, SOUTH AVENUE,O6
MN,366 5 AVENUE,O6
QN,10-37 49 AVENUE,O5
QN,149-44 NORTHERN BOULEVARD,O5
MN,86 ELIZABETH STREET,O5
MN,308 LENOX AVENUE,O5
MN,222 EAST 59 STREET,O5
BK,2915 AVENUE S,O8
MN,1181 BROADWAY,O6
QN,47-37 AUSTELL PLACE,O5
QN,37-15 HUNTERS POINT AVENUE,O5
QN,30-30 THOMSON AVENUE,O5
BK,44 COURT STREET,O6
BK,193 JORALEMON STREET,O8
QN,32-02 53 PLACE,O8
BK,781 BROADWAY,O5
QN,87-04 52 AVENUE,O8
MN,235 CANAL STREET,O5
MN,126 DELANCEY STREET,O5
MN,234 WEST 44 STREET,O6
BK,3063 BRIGHTON 13 STREET,O8
MN,244 WEST 54 STREET,O6
MN,1672 BROADWAY,O6
BK,87 WEST END AVE,O5
SI,4641 HYLAN BOULEVARD,O8
MN,234 WEST 39 STREET,O6
MN,111 8 AVENUE,O6
MN,518 WEST 26 STREET,O6
BK,513 CHURCH AVENUE,O5
QN,10-50 50 AVENUE,O5
MN,3940 BROADWAY,O5
MN,163 WEST 125 STREET,O6
MN,239 WEST 28 STREET,O6
BK,9229 FLATLANDS AVENUE,O8
BX,901 SHERIDAN AVENUE,O5
QN,58-42 MAIN STREET,O5
MN,676 BROADWAY,O5
MN,142 EAST 39 STREET,O8
SI,321 EDISON STREET,O8
MN,141 WEST 41 STREET,O5
BK,1209 MCDONALD AVENUE,O5
QN,1728 PUTNAM AVENUE,O5
BK,145 NASSAU AVENUE,O8
QN,23-19 31 STREET,O6
MN,47 WEST 47 STREET,O5
MN,22 EAST 49 STREET,O6
MN,422 MADISON AVENUE,O5
BK,3017 QUENTIN ROAD,O8
MN,39 WEST 32 STREET,O6
BK,1191 ATLANTIC AVENUE,O5
BK,335 KNICKERBOCKER AVENUE,O5
MN,231 WEST 29 STREET,O6
QN,214-43 JAMAICA AVENUE,O5
MN,36 EAST 12 STREET,O6
QN,57-01 59 STREET,O8
MN,173 EAST 87 STREET,O5
SI,404 MANOR ROAD,O8
QN,61-17 220 STREET,O8
SI,774 CASTLETON AVENUE,O8
QN,144-03 68 ROAD,O8
BK,443 39 STREET,O5
MN,56 WEST 55 STREET,O5
MN,151 WEST 46 STREET,O6
MN,33 EAST 18 STREET,O6
SI,420 LYNDALE AVENUE,O5
MN,240 WEST 35 STREET,O6
QN,68-54 AUSTIN STREET,O6
MN,115 WEST 28 STREET,O5
QN,95-40 102 STREET,O8
MN,413 BROOME STREET,O5
QN,30-02 NORTHERN BOULEVARD,O5
BK,7801 4 AVENUE,O8
BX,2775 IRWIN AVENUE,O5
QN,127-02 LIBERTY AVENUE,O5
MN,45 WEST 27 STREET,O6
SI,1800 RICHMOND AVENUE,O5
QN,175-15 JAMAICA AVENUE,O8
BK,149 18 STREET,O5
MN,316 EAST 53 STREET,O5
MN,590 5 AVENUE,O6
BX,2940 WHITE PLAINS ROAD,O5
BK,720 ROCKAWAY AVENUE,O8
MN,846 7 AVENUE,O5
SI,3142 VICTORY BOULEVARD,O8
BK,8 BRIGHTON 11 STREET,O5
SI,441 GRANDVIEW AVENUE,O8
MN,86 WALKER STREET,O5
MN,63 CROSBY STREET,O5
MN,211 CENTRE STREET,O5
MN,1180 BROADWAY,O5
MN,83 UNIVERSITY PLACE,O6
QN,36-16 19 AVENUE,O5
QN,39-01 MAIN STREET,O5
MN,107 GRAND STREET,O6
QN,22-15 70 STREET,O8
QN,188-06 NORTHERN BOULEVARD,O5
MN,222 EAST 68 STREET,O8
MN,157 EAST 86 STREET,O5
QN,33-14 FARRINGTON STREET,O5
MN,82 WALL STREET,O6
BX,14 BRUCKNER BOULEVARD,O5
MN,393 BROADWAY,O5
BK,440 VAN BRUNT STREET,O8
SI,155 NEW DORP PLAZA,O5
BX,334 EAST 148 STREET,O5
MN,147 WEST 35 STREET,O6
MN,149 WEST 36 STREET,O6
SI,3700 RICHMOND AVENUE,O8
BX,182 EAST 210 STREET,O8
MN,11 EAST 52 STREET,O8
BK,1110 EASTERN PARKWAY,O5
MN,1 POLICE PLAZA,O6
BK,2707 ATLANTIC AVENUE,O8
MN,179 LAFAYETTE STREET,O6
MN,164 WEST 25 STREET,O6
BK,133 33 STREET,O5
MN,134 WEST 25 STREET,O6
MN,112 WEST 27 STREET,O6
MN,37 WEST 17 STREET,O6
MN,848 7 AVENUE,O6
BK,9102 5 AVENUE,O8
QN,54-50 48 STREET,O5
BK,327 HICKS STREET,O5
MN,1922 3 AVENUE,O5
MN,3 WEST 30 STREET,O5
BK,1751 BATH AVENUE,O8
QN,54-01 43 STREET,O5
QN,163-33 CROSS BAY BOULEVARD,O5
MN,315 WEST 39 STREET,O6
QN,88-02 87 STREET,O8
SI,1432 FOREST AVENUE,O8
BK,4209 FT HAMILTON PARKWAY,O8
QN,40-21 159 STREET,O5
QN,43-59 147 STREET,O8
MN,225 WEST 37 STREET,O6
BK,7403 3 AVENUE,O8
BK,310 NASSAU AVENUE,O5
BK,596 PENNSYLVANIA AVENUE,O8
QN,226-18 MERRICK BOULEVARD,O5
MN,260 WEST 35 STREET,O6
QN,45-17 MARATHON PARKWAY,O5
MN,137 WEST 19 STREET,O5
BK,2087 FULTON STREET,O5
MN,495 BROADWAY,O6
QN,86-15 FOREST PARKWAY,O8
SI,114 MC CLEAN AVENUE,O5
MN,247 WEST 36 STREET,O6
MN,85 10 AVENUE,O6
BK,812 54 STREET,O5
BK,5715 16 AVENUE,O5
BK,1648 EASTERN PARKWAY,O5
QN,45-02 11 STREET,O5
MN,127 EAST 69 STREET,O8
MN,18 WEST 20 STREET,O6
BK,1702 CROPSEY AVENUE,O8
SI,140 STUYVESANT PLACE,O5
QN,30-20 NEWTOWN AVENUE,O5
BK,5414 NEW UTRECHT AVENUE,O5
QN,204-10 HILLSIDE AVENUE,O8
BX,258 EAST 138 STREET,O5
BK,8723 4 AVENUE,O5
MN,27 CLIFF STREET,O5
QN,133-01 ATLANTIC AVENUE,O5
QN,242-01 BRADDOCK AVENUE,O5
SI,1326 CLOVE ROAD,O8
QN,36-44 MAIN STREET,O5
MN,165 EAST 56 STREET,O6
MN,254 WEST 54 STREET,O6
MN,1112 ST NICHOLAS AVENUE,O6
BK,112 32 STREET,O5
BK,5001 5 AVENUE,O5
QN,17-22 WHITESTONE EP SR W,O5
QN,29-20 23 AVENUE,O5
MN,61 9 AVENUE,O6
QN,222-17 JAMAICA AVENUE,O8
BK,7505 FT HAMILTON PARKWAY,O8
MN,139 WEST 24 STREET,O5
MN,52 DUANE STREET,O6
MN,260 WEST 44 STREET,O5
MN,368 BROADWAY,O5
MN,40 FRANKLIN STREET,O6
MN,83 WORTH STREET,O5
MN,359 BROADWAY,O5
MN,102 FRANKLIN STREET,O5
SI,6228 AMBOY ROAD,O5
MN,13 CROSBY STREET,O5
MN,256 WEST 38 STREET,O6
MN,137 GRAND STREET,O6
MN,28 HOWARD STREET,O5
QN,1746 SUMMERFIELD STREET,O5
QN,49-06 QUEENS BOULEVARD,O5
SI,174 LILY POND AVENUE,O8
QN,162-20 UNION TURNPIKE,O5
MN,88 NASSAU STREET,O5
QN,20-39 128 STREET,O5
SI,3733 RICHMOND AVENUE,O8
BX,534 EAST 180 STREET,O5
BX,1441 EAST 233 STREET,O5
MN,470 7 AVENUE,O6
QN,37-44 75 STREET,O8
MN,122 RIVINGTON STREET,O5
BK,7523 FT HAMILTON PARKWAY,O8
QN,135-10 LIBERTY AVENUE,O8
MN,4 COLUMBUS CIRCLE,O6
QN,30-89 36 STREET,O8
MN,135 WEST 29 STREET,O6
MN,122 WEST 26 STREET,O6
MN,27 EAST 21 STREET,O6
MN,274 MADISON AVENUE,O6
MN,140 WEST 44 STREET,O5
MN,119 WEST 136 STREET,O8
QN,119-04 HILLSIDE AVENUE,O5
BK,3065 BRIGHTON 13 STREET,O8
QN,102-09 METROPOLITAN AVENUE,O8
QN,33-13 58 STREET,O8
SI,439 GRANDVIEW AVENUE,O8
QN,151-30 82 STREET,O8
BX,820 EAST TREMONT AVENUE,O5
BK,7 FRANKLIN AVENUE,O5
BK,1945 MCDONALD AVENUE,O5
MN,136 WEST 46 STREET,O5
BK,1721 86 STREET,O5
MN,336 WEST 37 STREET,O6
SI,763 CLOVE ROAD,O8
MN,102 WEST 38 STREET,O6
MN,40 WEST 18 STREET,O5
SI,2704 ARTHUR KILL ROAD,O8
QN,23-18 28 STREET,O8
MN,130 MADISON STREET,O5
MN,4 ALLEN STREET,O5
MN,1708 BROADWAY,O5
QN,40-48 JUNCTION BOULEVARD,O5
BX,3586 BOSTON ROAD,O5
MN,803 AVENUE OF THE AMER,O5
BK,4901 FT HAMILTON PARKWAY,O8
MN,71 SPRING STREET,O5
QN,134-02 CROSS BAY BOULEVARD,O5
QN,72-30 BROADWAY,O5
QN,32-33 111 STREET,O5
BX,3313 BAINBRIDGE AVENUE,O5
SI,6326 AMBOY ROAD,O5
BK,293 AVENUE S,O5
MN,369 PARK AVENUE SOUTH,O6
BK,9412 4 AVENUE,O8
QN,9-21 44 ROAD,O5
QN,206-03 48 AVENUE,O8
QN,42-18 MARATHON PARKWAY,O5
QN,86-16 JAMAICA AVENUE,O8
BK,2989 OCEAN PARKWAY,O8
BK,2190 MCDONALD AVENUE,O8
BK,1713 RALPH AVENUE,O5
MN,177 WEST BROADWAY,O5
MN,51 WEST 39 STREET,O6
QN,130-29 135 AVENUE,O8
QN,141-57 NORTHERN BOULEVARD,O5
QN,223 BORDEN AVENUE,O5
BK,182 DUFFIELD STREET,O5
QN,106-01 CORONA AVENUE,O8
BK,195 PLYMOUTH STREET,O5
BK,1118 AVENUE J,O5
QN,82-01 37 AVENUE,O6
BK,602 CORTELYOU ROAD,O8
QN,529 BEACH 20 STREET,O5
QN,14-30 149 STREET,O5
QN,29-05 UNION STREET,O5
BK,4702 13 AVENUE,O5
MN,40 WOOSTER STREET,O5
MN,239 CENTRE STREET,O5
QN,45-02 23 STREET,O5
MN,490 BROADWAY,O5
MN,525 BROADWAY,O6
MN,190 BOWERY,O5
MN,550 BROADWAY,O5
MN,580 BROADWAY,O6
QN,33-55 55 STREET,O5
BK,885 FLATBUSH AVENUE,O5
QN,46-11 54 AVENUE,O5
SI,1428 VICTORY BOULEVARD,O8
MN,122 FULTON STREET,O5
MN,62 WILLIAM STREET,O6
QN,153-01 JAMAICA AVENUE,O5
QN,149-44 NORTHERN BOULEVARD,O5
MN,595 5 AVENUE,O5
MN,252 WEST 37 STREET,O6
MN,28 WEST 36 STREET,O6
MN,29 UNION SQUARE,O5
QN,34-29 STEINWAY STREET,O5
QN,128-11 LIBERTY AVENUE,O5
MN,32 BROADWAY,O6
BK,4607 5 AVENUE,O8
BK,5309 18 AVENUE,O5
QN,66-08 FRESH POND ROAD,O8
MN,425 MADISON AVENUE,O6
SI,4886 ARTHUR KILL ROAD,O5
QN,146-02 91 AVENUE,O5
QN,90-19 157 AVENUE,O5
MN,1 MADISON AVENUE,O6
MN,277 BROADWAY,O6
QN,140-15 20 AVENUE,O5
SI,2582 RICHMOND TERRACE,O8
BX,1607 WILLIAMSBRIDGE ROAD,O5
MN,126 LAFAYETTE STREET,O5
MN,721 7 AVENUE,O6
MN,232 MADISON AVENUE,O6
MN,31 WEST 34 STREET,O6
QN,111-02 FARMERS BOULEVARD,O8
QN,162-04 JAMAICA AVENUE,O5
MN,237 CENTRE STREET,O5
QN,40-16 76 STREET,O5
MN,291 BROADWAY,O6
MN,325 BROADWAY,O5
QN,25-37 FRANCIS LEWIS BLVD,O5
MN,2100 ADAM C POWELL BLVD,O5
QN,31-21 NEWTOWN AVENUE,O6
QN,134-04 ROCKAWAY BOULEVARD,O8
BK,3379 SHORE PARKWAY,O5
MN,123 BOWERY,O5
QN,42-12 BELL BOULEVARD,O8
MN,13 EAST 37 STREET,O6
MN,240 MADISON AVENUE,O6
MN,165 BOWERY,O5
MN,8 EAST 69 STREET,O5
BK,858 EAST 29 STREET,O5
MN,1 CHATHAM SQUARE,O6
QN,44-14 ASTORIA BOULEVARD S,O5
BK,142 22 STREET,O5
QN,72-41 GRAND AVENUE,O8
BK,1219 QUENTIN ROAD,O5
QN,69-03 CYPRESS HILLS STREET,O5
MN,25 PARK PLACE,O5
MN,116 CHAMBERS STREET,O5
SI,630 SHARROTTS ROAD,O5
MN,87 WALKER STREET,O5
QN,79-04 256 STREET,O8
MN,3 EAST 57 STREET,O6
MN,12 VESTRY STREET,O6
MN,343 CANAL STREET,O5
BK,836 ROGERS AVENUE,O5
MN,425 BROADWAY,O5
MN,444 BROADWAY,O5
MN,446 BROADWAY,O5
MN,22 CHATHAM SQUARE,O5
MN,18 WEST HOUSTON STREET,O6
MN,678 BROADWAY,O5
MN,42 BOND STREET,O6
MN,349 WEST 12 STREET,O8
MN,400 WEST 14 STREET,O5
MN,421 WEST 13 STREET,O5
MN,47 WEST 17 STREET,O6
MN,18 WEST 18 STREET,O6
MN,134 5 AVENUE,O5
MN,55 WEST 19 STREET,O5
MN,51 WEST 19 STREET,O5
MN,142 5 AVENUE,O6
MN,12 WEST 23 STREET,O5
MN,24 WEST 23 STREET,O5
MN,14 WEST 24 STREET,O5
MN,1147 BROADWAY,O5
MN,12 WEST 27 STREET,O6
MN,40 WEST 27 STREET,O6
MN,256 5 AVENUE,O5
MN,125 5 AVENUE,O5
MN,894 BROADWAY,O6
MN,22 EAST 21 STREET,O6
MN,255 5 AVENUE,O5
MN,116 EAST 38 STREET,O8
MN,167 3 AVENUE,O5
MN,500 PARK AVENUE,O6
MN,21 EAST 70 STREET,O5
BK,1502 CATON AVENUE,O8
BK,3304 GLENWOOD ROAD,O8
BK,515 OCEAN AVENUE,O5
BK,1366 EAST 32 STREET,O8
MN,312 5 AVENUE,O6
MN,67 IRVING PLACE,O6
BK,5350 KINGS HIGHWAY,O5
MN,27 EAST BROADWAY,O6
MN,55 GROVE STREET,O8
BX,563 EAST TREMONT AVENUE,O5
SI,18 HERVEY STREET,O5
BK,32 MADISON STREET,O5
BK,2115 AVENUE U,O8
QN,182-30 150 ROAD,O5
MN,4 WEST 58 STREET,O6
SI,277 NELSON AVENUE,O8
SI,30 SEGUINE AVENUE,O5
SI,400 SEAVIEW AVENUE,O8
QN,24-09 41 AVENUE,O5
QN,131-06 40 ROAD,O5
MN,132 EAST 126 STREET,O5
BX,641 EAST 180 STREET,O8
QN,23-25 31 STREET,O6
QN,5-49 47 ROAD,O5
BK,890 ATLANTIC AVENUE,O8
QN,30-05 30 AVENUE,O5
BX,1934 WILLIAMSBRIDGE ROAD,O5
MN,76 WADSWORTH AVENUE,O5
MN,103 EAST 125 STREET,O6
MN,166 5 AVENUE,O6
BK,391 WILLOUGHBY AVENUE,O5
MN,136 DELANCEY STREET,O5
BK,2250 59 STREET,O6
QN,108-18 QUEENS BOULEVARD,O6
QN,39-23 27 STREET,O5
QN,89-07 JAMAICA AVENUE,O8
MN,29 WEST 32 STREET,O6
MN,169 MADISON AVENUE,O6
MN,462 BROADWAY,O5
BK,1603 54 STREET,O8
MN,505 CANAL STREET,O5
SI,17 ZEBRA PLACE,O5
BK,251 LOMBARDY STREET,O5
MN,149 5 AVENUE,O6
BK,2040 UTICA AVENUE,O5
BK,432 3 AVENUE,O5
MN,483 BROADWAY,O5
BK,1123 MYRTLE AVENUE,O5
MN,2710 BROADWAY,O5
MN,304 PARK AVENUE SOUTH,O6
MN,307 WEST 36 STREET,O6
QN,69-64 GRAND AVENUE,O5
QN,125-06 JAMAICA AVENUE,O5
BK,160 7 STREET,O5
QN,215-33 JAMAICA AVENUE,O8
QN,97-01 SPRINGFIELD BLVD,O8
QN,113-11 JAMAICA AVENUE,O8
BK,610 DEAN STREET,O5
MN,16 EAST 40 STREET,O6
QN,115-03 FARMERS BOULEVARD,O8
MN,105 2 AVENUE,O5
BK,1128 EASTERN PARKWAY,O5
MN,286 LENOX AVENUE,O5
BK,1401 SHEEPSHEAD BAY ROAD,O5
QN,61-27 WOODSIDE AVENUE,O5
MN,1431 BROADWAY,O6
QN,144-02 69 AVENUE,O8
QN,200-07 HOLLIS AVENUE,O8
BX,787 EAST 156 STREET,O5
QN,242-08 HILLSIDE AVENUE,O5
MN,115 WEST 29 STREET,O6
MN,41 WEST 34 STREET,O5
MN,549 WEST 26 STREET,O5
BK,938 KINGS HIGHWAY,O5
MN,155 EAST 55 STREET,O6
QN,87-16 WOODHAVEN BOULEVARD,O8
BK,247 86 STREET,O8
BK,245 86 STREET,O8
MN,34 EAST 67 STREET,O5
BK,109 NORTH 1 STREET,O5
BK,7202 13 AVENUE,O5
QN,35-18 LINDEN STREET,O5
QN,74-01 MYRTLE AVENUE,O8
BK,326 7 AVENUE,O5
MN,6 WEST 48 STREET,O6
MN,120 EAST 124 STREET,O5
MN,2825 BROADWAY,O5
QN,18-50 STEINWAY STREET,O5
MN,316 WEST 118 STREET,O8
QN,19-57 49 STREET,O5
QN,141-47 NORTHERN BOULEVARD,O5
MN,404 EAST 11 STREET,O8
QN,146-25 35 AVENUE,O8
SI,1 HYATT STREET,O5
MN,121 BOWERY,O5
MN,32 EAST BROADWAY,O6
MN,402 WEST 13 STREET,O5
MN,251 5 AVENUE,O6
BX,1162 INTERVALE AVENUE,O5
MN,217 WEST 21 STREET,O5
BK,60 SOUTH 2 STREET,O5
BK,704 KINGS HIGHWAY,O8
BK,3081 AVENUE U,O8
QN,54-14 74 STREET,O5
BX,315 EAST KINGSBRIDGE RD,O5
BK,1514 49 STREET,O8
BK,1388 ST JOHNS PLACE,O5
QN,137-11 BOOTH MEMORIAL AVE,O8
BK,238 MELROSE STREET,O5
MN,6 EAST 45 STREET,O6
QN,33-17 PRINCE STREET,O5
BX,1057 SOUTHERN BOULEVARD,O5
QN,92-32 UNION HALL STREET,O5
BK,9305 FLATLANDS AVENUE,O5
BK,423 FULTON STREET,O5
BK,3224 AVENUE I,O8
BK,304A MALCOLM X BOULEVARD,O8
BK,235 BOND STREET,O5
MN,43 WEST 57 STREET,O6
BK,9021 SEAVIEW AVENUE,O8
BK,1502 AVENUE M,O5
QN,209-35 NORTHERN BOULEVARD,O5
QN,118-01 101ST AVENUE,O8
QN,161-10 JAMAICA AVENUE,O5
MN,41 ELIZABETH STREET,O6
MN,123 EAST 86 STREET,O5
MN,417 WEST 126 STREET,O5
SI,3453 RICHMOND AVENUE,O8
BK,3071 BRIGHTON 13 STREET,O8
MN,51 WEST 29 STREET,O5
QN,74-23 91 AVENUE,O5
