Borough,Address,Year Built,Building Class
BX,11 BRUCKNER BOULEVARD,1931,F5
BK,243 CONOVER STREET,1931,F5
SI,304 MANOR ROAD,1998,O1
QN,10-16 162 STREET,1954,O1
BK,829 EAST 15 STREET,1931,F5
BK,113 BERRY STREET,1950,O1
BK,142 CONOVER STREET,1961,F5
BK,139A 12 STREET,1940,F5
BK,50 TAAFFE PLACE,1930,F5
BK,206 19 STREET,1925,F5
BK,303 WYTHE AVENUE,1970,F5
BK,6905 NEW UTRECHT AVENUE,1931,F5
QN,57-45 COOPER AVENUE,1931,F5
QN,1740 DECATUR STREET,1931,F5
BK,215 NORMAN AVENUE,1931,F5
SI,435 SHARROTTS ROAD,1987,F5
BK,942 METROPOLITAN AVENUE,1950,F5
BK,98 SNEDIKER AVENUE,1917,F5
BK,1831 UTICA AVENUE,1931,F5
QN,157 ONDERDONK AVENUE,1957,F5
QN,47 ONDERDONK AVENUE,1931,F5
BK,455 BALTIC STREET,1931,F5
BK,1172 60 STREET,1931,F5
BK,1325 HALSEY STREET,1925,F5
BK,142 SNEDIKER AVENUE,1980,F5
BK,615 SACKETT STREET,1931,F5
QN,36-19 STARR AVENUE,1931,F5
QN,71-01 CENTRAL AVENUE,1920,O1
BK,755 5 AVENUE,1985,F5
QN,111-07 ROOSEVELT AVENUE,1930,F5
BK,129 26 STREET,1927,F5
BK,100 BOGART STREET,2016,F5
BK,261 DOUGLASS STREET,1931,F5
BX,3300 BAINBRIDGE AVENUE,1929,O1
QN,15-37 128 STREET,1978,F5
SI,1132 FOREST AVENUE,1950,O1
BK,1779 PACIFIC STREET,2008,F5
BK,623 SACKETT STREET,1931,F5
BK,84 FERRIS STREET,1968,F5
BK,97 SUYDAM STREET,1950,F5
BK,625 39 STREET,1928,F5
BK,46 COFFEY STREET,1931,F5
QN,52-15 35 STREET,1931,F5
BX,1829 BOONE AVENUE,1931,F5
BK,362 MCGUINNESS BOULEVARD,1970,F5
QN,131-35 SANFORD AVENUE,1931,F5
QN,131-58 MAPLE AVENUE,1990,F5
BK,156 SANDFORD STREET,1959,F5
BK,217 BUTLER STREET,1931,F5
BX,959 EAST 233 STREET,1968,O1
BK,215 47 STREET,1950,F5
QN,144-04 45 AVENUE,1931,O1
BK,814 BERGEN STREET,1950,F5
BK,989 PACIFIC STREET,1930,F5
BX,382 EAST 161 STREET,1931,O1
BK,5902 13 AVENUE,1990,O1
BK,135 LIBERTY AVENUE,1923,F5
BK,667 LEXINGTON AVENUE,1932,F5
BK,275 LEXINGTON AVENUE,1931,F5
BK,4415 GLENWOOD ROAD,1970,F5
BK,155 3 STREET,2001,O1
BK,2478 MCDONALD AVENUE,1931,F5
BK,760 EAST 96 STREET,1948,F5
BK,337 ATLANTIC AVENUE,1910,F5
QN,11-11 BROADWAY,1963,F5
BK,331 NASSAU AVENUE,1965,F5
BK,20 COFFEY STREET,2015,F5
BK,124 WALWORTH STREET,1931,F5
QN,10-40 46 AVENUE,1931,F5
BK,123 LIBERTY AVENUE,2008,F5
BX,540 TIFFANY STREET,1930,F5
QN,60-15 LITTLE NECK PARKWAY,1952,F5
BK,69 GUERNSEY STREET,1909,F5
QN,,1952,O1
QN,97-11 98 STREET,1951,F5
SI,306 MANOR ROAD,1996,O1
BK,1856 UTICA AVENUE,1952,F5
SI,210 PULASKI AVENUE,1931,F5
BK,1845 FLATBUSH AVENUE,1970,O1
BK,1565 62 STREET,2012,F5
QN,36-19 35 STREET,1931,F5
QN,36-27 36 STREET,1925,F5
QN,36-11 35 STREET,1930,F5
BK,222 26 STREET,1955,F5
QN,34-52 11 STREET,1932,F5
QN,121-12 23 AVENUE,1931,O1
QN,25-12 41 AVENUE,1931,F5
BK,35 15 STREET,1931,F5
BK,208 BROADWAY,1910,F5
BX,720 EAST 239 STREET,1931,F5
BX,770 EAST 233 STREET,1930,O1
BK,8716 DITMAS AVENUE,1931,O1
QN,77-06 79 AVENUE,1972,F5
BK,169 BOGART STREET,1920,F5
BK,201 42 STREET,1910,F5
QN,148-30 94 AVENUE,1931,F5
QN,81-01 ELIOT AVENUE,1936,O1
SI,3041 VETERANS ROAD WEST,2012,O1
QN,37-08 31 AVENUE,1920,O1
BX,497 EAST 168 STREET,1931,F5
BK,276 BELMONT AVENUE,1935,F5
BK,553 UNION STREET,1931,F5
QN,80-12 JAMAICA AVENUE,1997,O1
BK,95 GERRY STREET,1931,F5
BX,1869 BATHGATE AVENUE,2001,F5
SI,211 ARLINGTON AVENUE,1955,O1
QN,115-17 MERRICK BOULEVARD,1930,O1
SI,15 HOOKER PLACE,1931,F5
BK,159 TAAFFE PLACE,1954,F5
SI,69 PORT RICHMOND AVENUE,1931,F5
BK,841 63 STREET,1930,F5
BK,317 EAST 89 STREET,1960,F5
QN,7036 64 PLACE,1931,O1
BK,214 CLIFTON PLACE,1960,O1
QN,36-41 36 STREET,1922,F5
BK,65 COMMERCE STREET,1920,F5
BK,228 48 STREET,1974,F5
BX,704 EAST 133 STREET,1931,F5
BK,481 WORTMAN AVENUE,1928,F5
BK,1068 39 STREET,1930,F5
QN,27-09 40 AVENUE,1950,F5
BK,194 MOORE STREET,1986,F5
QN,41-14 29 STREET,1941,F5
QN,110-00 15 AVENUE,1930,O1
BK,35 SEABRING STREET,1931,F5
QN,1651A CODY AVENUE,1931,F5
BK,170 SANFORD STREET,1978,F5
QN,59-11 56 STREET,1988,F5
QN,181-02 JAMAICA AVENUE,1931,F5
BK,267 49 STREET,1990,F5
BK,1827-29 PACIFIC STREET,1964,F5
BK,265 WATER STREET,1925,F5
BK,239 52 STREET,1988,F5
BK,972 DEAN STREET,1930,F5
BK,870 EAST 52 STREET,1965,F5
BK,345 CALYER STREET,1931,F5
BK,474 BALTIC STREET,1931,F5
BK,139 IMLAY STREET,1931,F5
BX,808 EAST 139 STREET,1931,F5
BK,99 EMERSON PLACE,1961,F5
BK,100 EMERSON PLACE,1955,F5
BK,123 TAAFFE PLACE,1993,F5
BK,119 SUTTON STREET,1931,F5
BK,302 STAGG STREET,1989,F5
BK,220 JUNIUS STREET,1930,F5
BK,240 47 STREET,2006,F5
BK,972 METROPOLITAN AVENUE,1989,F5
BK,501 SMITH STREET,1931,F5
QN,46-06 37 AVENUE,1931,F5
QN,22-14 37 AVENUE,1955,F5
BK,476 BALTIC STREET,1931,F5
QN,36-13 36 AVENUE,1928,F5
BK,549 3 AVENUE,1945,F5
BK,584 DEAN STREET,1950,F5
QN,54-01 FLUSHING AVENUE,1940,F5
BK,443 EAST 100 STREET,1930,F5
QN,210-12 NORTHERN BOULEVARD,1936,O1
BK,21 NORTH OXFORD STREET,1925,F5
BK,51 LEXINGTON AVENUE,1950,F5
BK,60 BERGEN STREET,1931,F5
BK,1195 ATLANTIC AVENUE,1910,F5
BK,1261 ATLANTIC AVENUE,1910,F5
BK,338 FLUSHING AVENUE,1930,F5
BK,492 LIBERTY AVENUE,1960,F5
BK,137 SOUTH 8 STREET,1920,F5
BK,106 HARRISON PLACE,1931,F5
BK,55 DUPONT STREET,1931,F5
BK,66 VAN DAM STREET,1931,F5
BK,202 4 AVENUE,1931,O1
BK,999 GRAND STREET,1920,F5
BK,48 BOGART STREET,1931,F5
BK,245 VARET STREET,1931,F5
BK,229 50 STREET,1931,F5
BK,40 VAN DYKE STREET,1925,F5
BK,170 VAN BRUNT STREET,1920,F5
BK,66 SEABRING STREET,1921,F5
BK,568 MESEROLE STREET,1931,F5
BK,106 FERRIS STREET,1920,F5
QN,1535 DECATUR STREET,1931,F5
BK,466 CARROLL STREET,1931,F5
BK,144 KING STREET,1931,F5
BK,57 SOUTH 6 STREET,1910,O1
QN,47-15 BARNETT AVENUE,1961,F5
BK,57/59 MILTON STREET,1931,F5
BK,199 POWELL STREET,1992,F5
BK,234 RUSSELL STREET,1931,F5
QN,80-60 PITKIN AVENUE,1931,F5
BK,1267 38 STREET,1931,F5
BX,881 EAST 141 STREET,1987,F5
BK,2465 ATLANTIC AVENUE,1920,F5
QN,14-52 120 STREET,1928,F5
BK,1635 62 STREET,1931,F5
BK,9900 4 AVENUE,2008,O1
BK,5223 NEW UTRECHT AVENUE,1930,F5
QN,180-15 93 AVENUE,1931,F5
QN,218-33 98 AVENUE,1931,F5
QN,218-02 97 AVENUE,1930,F5
QN,122-48 FARMERS BOULEVARD,1943,F5
QN,131-41 SANFORD AVENUE,1985,F5
BX,3451 DE LAVALL AVENUE,1972,F5
BK,844 EAST 94 STREET,1956,F5
BK,126 25 STREET,1945,F5
BK,85 14 STREET,1931,F5
SI,125 OLD TOWN ROAD,1955,O1
SI,470 SEAVIEW AVENUE,1979,O1
QN,5-17 46 ROAD,1946,F5
BK,134 NOLL STREET,1926,F5
QN,36-10 13 STREET,1931,F5
QN,40-15 24 STREET,1947,F5
BX,135 CITY ISLAND AVENUE,1920,O1
BK,20 KNICKERBOCKER AVENUE,1931,F5
BX,840 BARRY STREET,1927,F5
BK,30 STEUBEN STREET,1955,F5
QN,84-11 256 STREET,1945,O1
QN,43-08 162 STREET,1920,O1
QN,54-22 ARNOLD AVENUE,1915,F5
BK,255 KENT STREET,1931,O1
QN,,1959,O1
BK,109 WALWORTH STREET,1931,F5
BX,1066 ZEREGA AVENUE,1951,F5
QN,31-54 12 STREET,1930,F5
QN,10-34 45 ROAD,1920,F5
QN,21-27 BORDEN AVENUE,1931,F5
BK,188 DUPONT STREET,1952,F5
QN,162-04 TUSKEGEE AIRMEN WAY,1931,O1
BX,349 GRAND CONCOURSE,1931,O1
BK,17 WEST 9 STREET,1925,F5
BK,9512 3 AVENUE,1970,O1
BK,134 HINSDALE STREET,1920,F5
BK,255 DOUGLASS STREET,1931,F5
BK,1181 GRAND STREET,1960,F5
BK,607 BERGEN STREET,1930,F5
BK,132 12 STREET,1931,F5
BK,50 VAN SINDEREN AVENUE,1921,F5
BK,48 COFFEY STREET,1931,F5
BK,215 BAY STREET,1931,F5
BK,497 SCOTT AVENUE,1969,F5
BK,1784 81 STREET,1930,F5
BK,4202 GLENWOOD ROAD,1980,F5
QN,101-12 78 STREET,1940,O1
BK,6309 MILL LANE,1950,O1
SI,1481 HYLAN BOULEVARD,1930,O1
QN,115-13 JAMAICA AVENUE,1931,O1
BK,57 RICHARDS STREET,1921,F5
BK,95 4 STREET,1931,F5
BK,247 ASHFORD STREET,1930,F5
BK,259 KENT AVENUE,1980,F5
QN,82-12 ST JAMES AVENUE,1931,F5
BK,1288 WILLOUGHBY AVENUE,1931,F5
BK,238 42 STREET,1970,F5
BK,67 SEABRING STREET,1931,F5
BK,149 33 STREET,1972,F5
BX,433 BRUCKNER BOULEVARD,1954,F5
QN,106-01 101 AVENUE,1930,O1
BK,501 SCHOLES STREET,1967,F5
BK,201 INGRAHAM STREET,1931,F5
BK,995 METROPOLITAN AVENUE,1920,F5
QN,77-45 164 STREET,1957,O1
BK,92 JUNIUS STREET,1923,F5
BK,1574 PACIFIC STREET,1917,F5
BK,278 GLENMORE AVENUE,2011,F5
BK,105 SANDFORD STREET,1931,F5
BK,14 FRANKLIN STREET,1980,F5
BK,95 WALWORTH STREET,1931,F5
BK,253 BELMONT AVENUE,1994,F5
BK,1957 PITKIN AVENUE,2006,F5
BK,295 DOUGLASS STREET,1931,F5
QN,59-52 55 DRIVE,1986,F5
BK,169 DWIGHT STREET,1953,F5
QN,14-13 118 STREET,1929,F5
BK,183 VAN SICLEN AVENUE,1930,F5
BK,335 BOND STREET,1931,O1
SI,48 BRIGHTON AVENUE,1925,F5
QN,5-17 47 ROAD,1950,F5
QN,89-04 LIBERTY AVENUE,1929,F5
BK,2738 GERRITSEN AVENUE,2009,O1
BX,3249 LACONIA AVENUE,1963,O1
BK,490 FLUSHING AVENUE,1931,F5
BK,9518 AVENUE L,1931,O1
QN,97-53 85 STREET,1950,O1
MN,218 EAST 25 STREET,1915,F5
BX,2610 EAST TREMONT AVENUE,1926,O1
BK,2131 FLATBUSH AVENUE,1931,O1
BK,47 BARTLETT STREET,1931,F5
BK,2657 EAST 14 STREET,1927,O1
SI,500 SEAVIEW AVENUE,1987,O1
QN,52-09 69 STREET,1956,O1
BX,589 EAST 132 STREET,1931,F5
BK,348 BROADWAY,1920,F5
BK,759 EAST 43 STREET,1973,F5
BK,898 EAST 92 STREET,1963,F5
BK,701 EUCLID AVENUE,1959,O1
BK,43 FERRIS STREET,1925,F5
BK,1868 PITKIN AVENUE,1992,F5
BK,324 TEN EYCK STREET,1920,F5
BX,175 CITY ISLAND AVENUE,1925,F5
BK,102 13 STREET,1958,F5
BK,2184 MILL AVENUE,1930,F5
MN,230 EAST 122 STREET,1920,F5
BK,673 LIVONIA AVENUE,1930,F5
BK,236 RICHARDS STREET,1900,F5
BK,236 GREENPOINT AVENUE,1931,F5
BK,406 VERMONT STREET,1992,O1
BK,2902 AVENUE U,1956,O1
BK,315 DOUGLASS STREET,1931,F5
BK,134 2 STREET,1931,F5
BK,65 TAAFFE PLACE,1930,F5
QN,25-37 51 AVENUE,1931,F5
QN,35-39 VERNON BOULEVARD,1941,F5
BK,757 CLINTON STREET,1936,F5
BK,168 COOK STREET,1931,F5
QN,34-47 10 STREET,1941,F5
QN,12-16 30 AVENUE,1960,F5
QN,42-35 BELL BOULEVARD,1995,O1
QN,45-33 DAVIS STREET,1931,O1
QN,34-29 37 STREET,1922,F5
QN,214-18 24 AVENUE,1950,O1
QN,37-24 10 STREET,1951,F5
BK,266 BANKER STREET,1931,F5
BK,62 THROOP AVENUE,1931,F5
BX,534 EAST 134 STREET,1915,F5
BK,33 SKILLMAN AVENUE,1920,O1
BK,37 ALABAMA AVENUE,1910,F5
BK,830 HUMBOLDT STREET,1931,F5
QN,19-23 CORNAGA AVENUE,1931,O1
BK,132 DWIGHT STREET,1931,F5
BK,289 WYCKOFF STREET,1947,O1
BK,1142 EAST 92 STREET,1956,O1
BK,116 SPENCER STREET,1951,F5
BX,287 EAST 148 STREET,1931,O1
QN,104-04 CORONA AVENUE,1931,O1
BK,1236 60 STREET,1960,F5
QN,54-11 QUEENS BOULEVARD,1989,O1
BX,2800 BRONXWOOD AVENUE,2013,O1
MN,442 WEST 49 STREET,1924,F5
BK,282 LIBERTY AVENUE,1930,F5
MN,171 CHRISTOPHER STREET,1946,O1
BK,847 EAST 52 STREET,1955,F5
BK,176 27 STREET,1968,F5
SI,4 SYLVIA STREET,1956,O1
BK,15 NEPTUNE AVENUE,1930,F5
SI,91 WINANT PLACE,2006,F5
BX,2881 MIDDLETOWN ROAD,1952,F5
QN,45-54 204 STREET,1920,F5
BX,1342 INWOOD AVENUE,1990,F5
BK,111 CLASSON AVENUE,1980,F5
BX,371 RIDER AVENUE,1931,F5
QN,,1931,F5
BX,813 TRINITY AVENUE,1920,F5
BK,2025 ATLANTIC AVENUE,1921,F5
SI,526 RICHMOND TERRACE,2001,F5
BK,205 POWELL STREET,1992,F5
SI,1922 VICTORY BOULEVARD,1955,O1
BK,324 BUTLER STREET,1931,F5
BK,11 NEPTUNE AVENUE,1954,F5
SI,660 GULF AVENUE,1940,O1
BK,105 JAMAICA AVENUE,1931,F5
BK,325 NEVINS STREET,1931,F5
BK,349 SUYDAM STREET,1931,F5
BK,1613 63 STREET,1931,F5
BK,76 OTSEGO STREET,1962,F5
BK,317 LIBERTY AVENUE,1930,F5
QN,,1949,F5
MN,312 SPRING STREET,1915,O1
QN,29-02 BORDEN AVENUE,1940,F5
BX,1337 JEROME AVENUE,1920,O1
BK,4902 3 AVENUE,1988,F5
BX,856 EAST 136 STREET,1931,F5
BX,5772 MOSHOLU AVENUE,1963,O1
BK,60 GRATTAN STREET,2009,F5
BK,68 SUMMIT STREET,1931,F5
BK,1745 EAST NEW YORK AVENUE,2012,F5
BX,1801 CARTER AVENUE,1931,F5
BX,4362 PARK AVENUE,1911,F5
BK,145 WALWORTH STREET,1959,F5
BK,237 26 STREET,1995,F5
BK,478 KENT AVENUE,1940,F5
BX,390 MORRIS PARK AVENUE,1978,O1
BK,387 BUSHWICK AVENUE,1931,F5
BK,404 HOYT STREET,1961,F5
BK,246 MESEROLE STREET,1920,F5
BK,1074 62 STREET,1931,F5
BK,473 76 STREET,1930,O1
BK,31 GRAVESEND NECK ROAD,1931,F5
QN,144-10 JAMAICA AVENUE,1959,O1
BK,400 JEFFERSON STREET,1931,F5
BK,242 MOFFAT STREET,2012,F5
BK,156 17 STREET,1925,F5
QN,43-37 9 STREET,1950,F5
BK,1340 RALPH AVENUE,2009,F5
BK,1285 36 STREET,1931,F5
QN,161-38 28 AVENUE,1964,O1
QN,145-64 LIBERTY AVENUE,1940,F5
QN,241-28 SOUTH CONDUIT AVENUE,1967,O1
SI,73A JOHNSON AVENUE,1931,F5
BK,1 DIVISION AVENUE,1946,F5
BX,3015 EASTCHESTER ROAD,1949,O1
QN,8-01 26 AVENUE,1943,F5
BK,1324 MCDONALD AVENUE,1931,O1
BK,181 WATER STREET,1973,F5
QN,65-31 FRESH MEADOW LANE,1950,O1
BX,540 MANIDA STREET,1967,F5
QN,15-08 121 STREET,1925,F5
BK,72 NORTH 15 STREET,1918,F5
BK,171 VAN BRUNT STREET,1925,F5
BK,41 CLINTON AVENUE,1951,F5
QN,38-61 10 STREET,1916,F5
QN,15-40 127 STREET,1928,F5
QN,16-23 CODY AVENUE,1953,F5
QN,182-15 HORACE HARDING EXPWY,1970,O1
BX,1177 EAST 156 STREET,1936,F5
BK,544 PARK AVENUE,1959,F5
BK,1201 FLUSHING AVENUE,1923,F5
BX,2941 BRUCKNER BOULEVARD,1997,O1
BK,1165 ROCKAWAY AVENUE,1970,O1
BK,401 WYTHE AVENUE,1900,F5
BK,166 25 STREET,1960,F5
BK,60 FRANKLIN AVENUE,1935,F5
BK,6409 14 AVENUE,1931,F5
QN,150-32 12 ROAD,1930,F5
BK,192 SEIGEL STREET,1931,F5
BK,73 WYTHE AVENUE,1900,F5
BX,4110 PARK AVENUE,1931,F5
BK,1254 UTICA AVENUE,1931,F5
QN,179-30 149 STREET,1966,O1
BK,738 65 STREET,1931,F5
BK,58 SEABRING STREET,1955,F5
QN,111-09 JAMAICA AVENUE,1931,O1
BK,189 CONOVER STREET,1920,F5
BK,924 60 STREET,1978,F5
BK,130 MONTGOMERY STREET,1920,F5
SI,451 SPENCER STREET,1931,F5
BK,502 FLUSHING AVENUE,1931,F5
BK,957 ESSEX STREET,1993,F5
BK,3923 NEW UTRECHT AVENUE,1930,F5
BX,447 EAST 172 STREET,1931,F5
BX,810 EAST 141 STREET,1931,F5
BK,5907 PRESTON COURT,1960,F5
BK,4512 FARRAGUT ROAD,1931,O1
BX,861 EAGLE AVENUE,1900,F5
BX,890 ZEREGA AVENUE,1980,F5
BK,259 BOND STREET,1920,F5
BK,214 25 STREET,1950,F5
BK,919 GRAND STREET,1900,F5
BK,325 JOHNSON AVENUE,1970,F5
QN,39-31 21 STREET,1957,F5
QN,54-65 48 STREET,1930,O1
QN,56-63 MELVINA PLACE,1935,F5
SI,3083 RICHMOND TERRACE,1931,F5
QN,63-44 AUSTIN STREET,1941,O1
MN,246 DYCKMAN STREET,1927,F5
BX,2422 3 AVENUE,1940,F5
BX,391 RIDER AVENUE,1931,F5
BX,796 EAST 140 STREET,1969,F5
BK,189 1 STREET,1940,F5
BX,1187 EAST 156 STREET,1951,F5
BX,531 TIFFANY STREET,1928,F5
BX,3922 PARK AVENUE,1963,F5
BX,2435 WATERBURY AVENUE,1962,F5
BK,4314 NEW UTRECHT AVENUE,1930,F5
BK,473 DAHILL ROAD,1930,F5
BK,835 40 STREET,1955,F5
BK,50 HERKIMER PLACE,1910,F5
QN,167-04 NORTHERN BOULEVARD,1935,O1
BK,174 BRIGHTON 11 STREET,1940,O1
BX,1156 WORTHEN STREET,1920,F5
QN,10-01 43 AVENUE,1920,F5
QN,38-72 13 STREET,1970,F5
BX,3960 MERRITT AVENUE,1959,F5
BX,3931 MULVEY AVENUE,1983,F5
BK,85 COFFEY STREET,1931,F5
QN,36-57 36 STREET,1930,F5
QN,36-39 36 STREET,1930,F5
QN,131 AVENUE,1992,O1
BK,255 CONOVER STREET,1931,F5
BX,412 CITY ISLAND AVENUE,1947,F5
BK,188 4 AVENUE,1931,F5
QN,59-49 56 AVENUE,1949,F5
QN,59-45 56 AVENUE,1940,O1
QN,59-59 56 ROAD,1930,F5
BK,813 63 STREET,1931,F5
BK,276 STAGG STREET,2006,F5
QN,54-24 73 PLACE,1950,O1
MN,144 BAXTER STREET,1969,F5
BK,30 FRANKLIN STREET,1931,F5
BK,107 SANDFORD STREET,1931,F5
BX,967 LONGFELLOW AVENUE,1930,F5
MN,514 WEST 113 STREET,1910,O1
BX,375 EAST 163 STREET,1934,F5
BK,6124 6 AVENUE,1929,F5
BX,2521 BUTLER PLACE,1954,O1
BK,409 WILLOUGHBY AVENUE,1931,F5
BK,486 FLUSHING AVENUE,1931,F5
BX,3453 DE LAVALL AVENUE,1950,F5
BK,20 MARGINAL ST WEST,1931,O1
QN,78-15 MYRTLE AVENUE,1990,O1
SI,208 GRANDVIEW AVENUE,2003,F5
QN,78-09 MYRTLE AVENUE,1990,O1
QN,58-37 FRANCIS LEWIS BLVD,1936,O1
SI,809 HENDERSON AVENUE,1935,F5
QN,65-17 68 AVENUE,1930,F5
BX,1522 SOUTHERN BOULEVARD,1931,O1
BX,2301 WHITE PLAINS ROAD,1965,O1
BK,43 COFFEY STREET,1931,F5
QN,74-16 CYPRESS HILLS STREET,1931,F5
BX,113 EAST 183 STREET,1931,O1
BK,199 BUSH STREET,1974,F5
BK,863 PACIFIC STREET,1930,F5
BK,275 FRONT STREET,1958,F5
BK,249 MC KIBBIN STREET,1931,F5
BX,510 CASANOVA STREET,1925,F5
BX,2572 PARK AVENUE,1931,F5
QN,58-85 54 STREET,1920,O1
BK,2046 UTICA AVENUE,1930,F5
BK,1024 PACIFIC STREET,1930,F5
BK,6217 14 AVENUE,1931,F5
QN,14-20 130 STREET,1951,F5
SI,54 HUDSON PLACE,1960,O1
BK,1042 ATLANTIC AVENUE,1930,F5
BX,759 EAST 132 STREET,1931,F5
BX,697 EAST 132 STREET,1931,F5
BK,1632 61 STREET,1931,F5
BK,824 62 STREET,1997,F5
BK,1158 MANHATTAN AVENUE,1931,F5
BX,2400 HALSEY STREET,2001,O1
BX,1508 STILLWELL AVENUE,1974,F5
QN,43-12 QUEENS STREET,1931,F5
BK,1529 60 STREET,1931,F5
BK,205 SHEFFIELD AVENUE,1986,F5
BX,2580 BOSTON ROAD,1934,O1
MN,227 EAST 105 STREET,1920,O1
QN,214-10 24 AVENUE,1950,O1
QN,65-51 GRAND AVENUE,1940,F5
BX,3671 BRONXWOOD AVENUE,1927,O1
QN,182-03 HORACE HARDING EXPWY,1965,O1
BX,1764 BOSTON ROAD,1931,O1
QN,114-07 LIBERTY AVENUE,1931,F5
QN,615 BEACH 20 STREET,1931,O1
BX,909 EAST 135 STREET,1947,F5
MN,508 EAST 117 STREET,1930,F5
QN,121-60 FARMERS BOULEVARD,1956,F5
BK,300 RICHARDSON STREET,1920,F5
QN,58-44 MAIN STREET,1997,O1
BK,1101 FLUSHING AVENUE,1931,F5
BX,2616 CHESBROUGH AVENUE,1963,F5
BK,1088 FLUSHING AVENUE,1931,F5
BX,728 EAST 136 STREET,1931,F5
BK,73 KENT AVENUE,1960,F5
QN,94-33 89 STREET,1987,F5
BK,209 NORTH 8 STREET,1950,F5
BK,1350 39 STREET,1931,F5
BK,127 POWELL STREET,2017,F5
BK,413 20 STREET,1931,F5
BX,550 BARRY STREET,1907,F5
BK,471 FLUSHING AVENUE,1976,F5
MN,161 SUFFOLK STREET,1920,O1
QN,103-15 100 STREET,1950,F5
BK,177 9 STREET,1931,F5
BX,1141 BURNETT PLACE,1930,F5
BK,21 BOX STREET,1931,O1
BK,23 BOGART STREET,1931,F5
QN,156-25 LIBERTY AVENUE,1960,F5
BK,139 42 STREET,1982,F5
MN,19 HOWARD STREET,1814,F5
QN,159-11 LINDEN BOULEVARD,1931,O1
BK,1372 39 STREET,1931,F5
QN,46-46 METROPOLITAN AVENUE,1950,F5
QN,242-14 MERRICK BOULEVARD,1989,O1
BK,1540 63 STREET,1931,F5
QN,16-15 WEIRFIELD STREET,1953,F5
QN,16-62 STEPHEN STREET,1931,F5
QN,58-38 ST FELIX AVENUE,1931,F5
BK,38 COFFEY STREET,1931,F5
BK,237 KENT STREET,1982,F5
QN,57-57 47 STREET,1966,O1
BX,4060 BOSTON ROAD,1910,F5
BK,293 SCHOLES STREET,1960,F5
BX,740 BARRY STREET,1920,F5
QN,79-81 77 AVENUE,1949,F5
BK,468 BALTIC STREET,2013,F5
BK,258 BUTLER STREET,1931,F5
QN,88-16 77 AVENUE,1960,F5
BX,432 AUSTIN PLACE,1931,F5
BK,1002 BRIGHTON BEACH AVE,1942,O1
BK,169 WEST END AVENUE,1927,O1
BK,200 BANKER STREET,1931,F5
BX,2630 FINK AVENUE,1925,F5
BK,302 3 AVENUE,1931,O1
BK,236 25 STREET,1961,F5
BK,356 44 STREET,1936,F5
BK,250 46 STREET,1904,F5
BK,128 20 STREET,1930,F5
BK,287 PENN STREET,1931,F5
BK,231 INDIA STREET,1931,O1
BK,133 SUTTON STREET,1931,F5
BK,398 JOHNSON AVENUE,1920,F5
BK,263 58 STREET,1976,F5
BX,4551 WHITE PLAINS ROAD,1947,F5
BX,1246 SPOFFORD AVENUE,1930,F5
BK,359 SCHOLES STREET,1912,F5
BK,930 EAST 51 STREET,1931,F5
QN,32-44 FRANCIS LEWIS BLVD,1950,O1
BK,80 CONWAY STREET,1967,F5
BK,18 PRESTON COURT,2003,F5
BK,141 SACKMAN STREET,1921,F5
QN,36-08 REVIEW AVENUE,1920,F5
MN,4055 10 AVENUE,2007,O1
QN,72-35 ALMEDA AVENUE,1948,F5
BK,981 MCDONALD AVENUE,1982,F5
QN,493 BEACH 20 STREET,1931,O1
BX,279 EAST 139 STREET,1913,F5
BK,940 REMSEN AVENUE,1976,O1
BX,1550 STILLWELL AVENUE,1948,F5
BX,709 EAST 239 STREET,1984,F5
BX,168 EAST 144 STREET,1955,F5
QN,69-31 164 STREET,1954,O1
BK,4506 3 AVENUE,2006,F5
BX,548 THROGS NECK EXPWY,2002,O1
BK,395 EMPIRE BOULEVARD,1920,O1
BK,990 GRAND STREET,1920,F5
QN,38-03 24 STREET,1930,F5
BX,546 EAST 170 STREET,1931,F5
QN,192-05 192 STREET,1973,O1
BK,551 CRESCENT STREET,1923,O1
SI,1005 RICHMOND ROAD,1915,O1
BK,1943 PITKIN AVENUE,1930,F5
BX,708 EAST 135 STREET,1925,F5
BK,612 DEGRAW STREET,1920,F5
BX,1155 LEGGETT AVENUE,1920,F5
BX,2500 WILLIAMSBRIDGE ROAD,1984,O1
BK,680 LORIMER STREET,1930,O1
BK,385 HARMAN STREET,1931,F5
BX,717 EAST 135 STREET,2005,F5
BX,550 TRINITY AVENUE,1920,F5
BK,817 METROPOLITAN AVENUE,1920,F5
BX,2213 EAST TREMONT AVENUE,1950,O1
MN,479 WASHINGTON STREET,1910,F5
SI,1122 RICHMOND ROAD,1950,O1
BK,144 CENTRE STREET,1931,F5
BX,3876 PARK AVENUE,1931,F5
SI,440 SEAVIEW AVENUE,1984,O1
BX,605 EAST 132 STREET,1931,F5
BK,1061 ROCKAWAY AVENUE,1930,F5
BK,79 STEUBEN STREET,1957,F5
BX,245 EAST 137 STREET,1961,F5
BX,420 EAST 180 STREET,1997,F5
BX,2378 HUGHES AVENUE,1911,O1
BK,55 VAN DAM STREET,1964,F5
SI,470 PENDALE STREET,1970,O1
BK,617 SACKETT STREET,1931,F5
QN,120-08 JAMAICA AVENUE,1902,F5
MN,335 WEST 35 STREET,1927,F5
BK,1655 ST MARKS AVENUE,1927,O1
BK,772 HUMBOLDT STREET,1931,F5
BX,1817 UNIONPORT ROAD,1950,F5
BX,538 CRAVEN STREET,1933,F5
BK,1406 UTICA AVENUE,1960,F5
BK,89 BRIDGE STREET,1910,F5
BX,675 NEREID AVENUE,1926,O1
QN,23-57 83 STREET,2000,F5
BK,110 BRIDGE STREET,1909,F5
MN,496 BROOME STREET,1885,F5
BK,9301 DITMAS AVENUE,1957,F5
BK,597 LIBERTY AVENUE,1984,F5
MN,438 GREENWICH STREET,1925,O1
BK,381 HAMILTON AVENUE,1977,F5
BK,131 57 STREET,2000,F5
BK,22 MILFORD STREET,1930,F5
QN,72-10 51 ROAD,1932,F5
QN,98-25 LINDEN BOULEVARD,1956,F5
QN,49-02 47 AVENUE,1939,O1
BK,521 ATLANTIC AVENUE,1915,F5
BK,57 THAMES STREET,1931,F5
BK,49 HINSDALE STREET,2005,F5
BK,1712 10 AVENUE,1931,O1
QN,112-10 LIBERTY AVENUE,1931,O1
BK,288 COOPER STREET,1935,F5
QN,138-55 BROOKVILLE BOULEVARD,1925,O1
BK,309 SCHOLES STREET,1920,F5
QN,101-58 57 STREET,1931,O1
BK,1045 39 STREET,1930,O1
BK,6619 13 AVENUE,1931,O1
QN,3-31 GRANDVIEW AVENUE,1931,F5
BK,15 PARKVILLE AVENUE,1958,F5
BK,344 37 STREET,1920,F5
BK,43 RUTLEDGE STREET,1931,F5
BK,962 FRANKLIN AVENUE,1920,F5
BK,210 PROSPECT PARK SW,2003,O1
BK,512 55 STREET,1931,O1
BK,392 CLASSON AVENUE,1930,F5
BX,1463 ST PETERS AVENUE,1931,F5
QN,94-12 LINDEN BOULEVARD,1930,O1
BK,1850 UTICA AVENUE,1958,F5
QN,47-75 48 STREET,1932,F5
QN,11-05 WYCKOFF AVENUE,1943,F5
QN,11-03 WYCKOFF AVENUE,1943,F5
BK,9801 AVENUE D,1970,F5
BK,145 NOLL STREET,1931,F5
QN,151-01 14 AVENUE,1953,O1
QN,23-39 BROOKLYN QUEENS EP W,1943,O1
BK,250 EAST 88 STREET,1931,F5
BK,472 BALTIC STREET,1931,F5
BK,475 MARCY AVENUE,1930,F5
BK,768 5 AVENUE,1960,O1
BK,574 PRESIDENT STREET,1931,F5
BK,630 SACKETT STREET,1931,F5
QN,39-47 21 STREET,1912,F5
QN,39-42 22 STREET,1910,F5
QN,35-02 36 AVENUE,1929,F5
BK,465 BALTIC STREET,1931,F5
BK,56 VAN DYKE STREET,1931,F5
BK,595 BUSHWICK AVENUE,1990,F5
BK,1313 ROGERS AVENUE,1933,F5
QN,217-86 98 AVENUE,2018,F5
BX,450 SOUTHERN BOULEVARD,1926,F5
QN,115-46 SUTPHIN BOULEVARD,1931,O1
BK,275 9 STREET,1952,O1
BK,9 WHITE STREET,1931,F5
BX,1491 BASSETT AVENUE,1948,F5
BK,418 ETNA STREET,1930,O1
BK,505 HALSEY STREET,1921,O1
BK,259 FREEMAN STREET,1955,F5
BK,572 SMITH STREET,1931,F5
BK,185 CONOVER STREET,1931,F5
BX,349 CANAL PLACE,1931,F5
BK,1273 38 STREET,1931,F5
BK,96 NORTH 10 STREET,1920,F5
BK,261 KENT AVENUE,1980,F5
BK,135 3 STREET,1931,F5
QN,90-28 161 STREET,1941,O1
BK,19 BOX STREET,1930,F5
BK,70 NORTH 8 STREET,1950,O1
BK,308 GREENPOINT AVENUE,1931,F5
BK,1142 CONEY ISLAND AVENUE,1931,O1
SI,25 RECTOR STREET,1968,F5
BK,884 EAST 52 STREET,1970,F5
BK,770 CHAUNCEY STREET,1968,F5
BK,408 3 AVENUE,1905,F5
QN,48-81 MASPETH AVENUE,1969,O1
SI,96 PROSPECT STREET,1930,O1
QN,38-62 11 STREET,1940,F5
BX,531 CASANOVA STREET,1944,F5
QN,42-08 19 AVENUE,1966,O1
BK,832 64 STREET,1992,F5
QN,166-18 73 AVENUE,1956,O1
SI,34 DUMONT AVENUE,1960,O1
BK,2612 PITKIN AVENUE,1920,F5
BK,22 SKILLMAN AVENUE,1940,O1
BK,2337 MCDONALD AVENUE,1931,F5
BK,102 PILLING STREET,1925,O1
QN,133-03 35 AVENUE,1975,F5
BK,149 PIONEER STREET,1866,F5
QN,166 BEACH 116 STREET,1929,F5
BK,91 INGRAHAM STREET,1931,F5
BK,218 RICHARDSON STREET,1930,O1
BK,20 GRAND AVENUE,1919,F5
BX,2626 HALPERIN AVENUE,1947,F5
QN,147-12 105 AVENUE,1931,F5
BX,1919 WILLIAMSBRIDGE ROAD,1964,O1
BX,781 EAST 133 STREET,1925,F5
BK,565 LIBERTY AVENUE,1930,F5
BX,1231 SEABURY AVENUE,1990,F5
SI,1487 RICHMOND ROAD,1960,O1
BK,785 5 AVENUE,1956,F5
BK,136 WYTHE AVENUE,1950,F5
QN,12-85 REDFERN AVENUE,1970,F5
BK,315 RUTLEDGE STREET,1931,F5
BK,31 BELVIDERE STREET,1885,F5
BX,4342 BRONX BOULEVARD,1950,O1
QN,104-22 MERRICK BOULEVARD,1931,F5
QN,104-28 MERRICK BOULEVARD,1931,F5
QN,39-24 24 STREET,1990,F5
BK,68 HUNTINGTON STREET,1931,F5
BK,405 91 STREET,1964,O1
BX,3165 EAST TREMONT AVENUE,1940,O1
BK,389 TROUTMAN STREET,1931,F5
SI,29 PORT RICHMOND AVENUE,1931,O1
BK,525 UNION STREET,1930,F5
BK,1150 MYRTLE AVENUE,1931,F5
BX,2576 PARK AVENUE,1931,F5
QN,119-17 29 AVENUE,2011,F5
BK,8039 PRESTON COURT,2005,F5
BK,23 GRATTAN STREET,1931,F5
BK,56 GOLD STREET,1950,F5
BK,1207 60 STREET,1925,F5
BX,526 EAST 134 STREET,1931,F5
BK,3907 4 AVENUE,1940,O1
BK,577 UNION STREET,1931,F5
QN,209-20 35 AVENUE,1960,O1
BX,749 EAST 137 STREET,1906,F5
BK,570 SMITH STREET,1931,F5
BK,497 FLUSHING AVENUE,1931,F5
BK,251 MONITOR STREET,1931,F5
QN,59-24 MAURICE AVENUE,1961,F5
MN,646 EAST 12 STREET,1951,O1
QN,42-27 11 STREET,1930,F5
QN,101-23 44 AVENUE,1932,F5
BK,47 RUTLEDGE STREET,1931,F5
QN,164-08 65 AVENUE,1975,O1
QN,89-31 129 STREET,1930,F5
QN,65-55 FRESH MEADOW LANE,1961,O1
QN,18-60 45 STREET,1953,O1
QN,10-25 WYCKOFF AVENUE,1931,F5
QN,44-16 23 STREET,1929,F5
SI,45 BEACH STREET,1955,O1
BX,97 BRUCKNER BOULEVARD,1931,F5
BX,4332 BULLARD AVENUE,1952,F5
QN,42-02 162 STREET,1950,F5
BK,2602 PITKIN AVENUE,1920,F5
QN,97-30 ATLANTIC AVENUE,1960,F5
BK,2288 MCDONALD AVENUE,1931,F5
BK,723 HENRY STREET,1931,F5
BK,40 FRANKLIN STREET,1931,F5
QN,109-25 CORONA AVENUE,1953,O1
BK,419 KENT AVENUE,1920,F5
BK,1380 ROCKAWAY PARKWAY,1940,O1
BK,2636 NOSTRAND AVENUE,1960,O1
BK,2246 FULTON STREET,1921,F5
BK,15 MESEROLE AVENUE,1931,F5
QN,39-01 23 STREET,1960,F5
BK,289 LINWOOD STREET,1930,F5
BK,271 POWELL STREET,1916,F5
BK,23 WEST 9 STREET,1925,F5
BK,17 FROST STREET,1940,F5
BK,106 ALABAMA AVENUE,2005,F5
QN,60-16 55 STREET,1915,O1
BK,1661 61 STREET,1931,F5
BK,1649 61 STREET,1931,F5
BX,276 EAST 150 STREET,1931,F5
QN,22-48 119 STREET,1959,O1
BK,21 GRATTAN STREET,1931,F5
BK,582 SMITH STREET,1931,F5
BK,2087 FULTON STREET,1924,F5
SI,95 MONTGOMERY AVENUE,1933,F5
BK,4516 3 AVENUE,1989,F5
BK,301 WYTHE AVENUE,1970,F5
BK,2715 FULTON STREET,1930,F5
QN,42-45 27 STREET,1911,F5
BX,3684 JEROME AVENUE,1920,O1
QN,83-91 WOODHAVEN BOULEVARD,1931,O1
BK,287 WYCKOFF STREET,1940,O1
BX,448 TIFFANY STREET,1931,F5
BX,3950 PROVOST AVENUE,1939,F5
BK,129 FRANKLIN STREET,1931,F5
BX,4235 PARK AVENUE,1931,F5
BX,258 CITY ISLAND AVENUE,1930,O1
BX,1534 STILLWELL AVENUE,1951,F5
BK,304 NORTH 7 STREET,1907,F5
BK,124 NOLL STREET,1920,F5
BK,410 3 AVENUE,1905,F5
BX,1625 BATHGATE AVENUE,1984,F5
BK,228 RUSSELL STREET,2009,F5
BK,1347 ATLANTIC AVENUE,1931,F5
QN,24-09 39 AVENUE,1930,F5
QN,40-14 72 STREET,1966,O1
BK,628 SMITH STREET,1920,F5
QN,124-09 18 AVENUE,1961,F5
BK,907 SHEPHERD AVENUE,1952,F5
BX,2472 3 AVENUE,1931,F5
QN,37-39 CRESCENT STREET,1920,F5
QN,250-20 HILLSIDE AVENUE,1935,O1
BK,370 19 STREET,1957,F5
BK,964 DEAN STREET,1930,F5
BK,16 VARICK STREET,1931,F5
BK,280 BARBEY STREET,1930,F5
QN,1544 DECATUR STREET,1989,F5
BK,123 GRAND STREET,1930,F5
BK,885 EAST 51 STREET,1950,F5
BX,132 ST ANNS AVENUE,1924,F5
MN,39 CLARKSON STREET,1920,F5
BK,1024 MANHATTAN AVENUE,1931,O1
BK,366 HARMAN STREET,1931,F5
BX,2475 WESTCHESTER AVENUE,1925,O1
SI,100 EDGEWATER STREET,1931,F5
BK,909 EAST 51 STREET,1973,F5
BK,5380 KINGS HIGHWAY,1955,F5
BX,321 CANAL PLACE,1973,F5
QN,,1940,F5
BK,206 HINSDALE STREET,1935,F5
BK,337 KINGSLAND AVENUE,1931,F5
BX,658 CASANOVA STREET,2016,F5
BX,220 EAST 138 STREET,1931,F5
BK,149 27 STREET,1935,F5
BX,829 EAST 144 STREET,1931,F5
BK,2262 BATH AVENUE,1930,O1
BK,2413 ATLANTIC AVENUE,1921,F5
BK,347 CALYER STREET,1931,F5
BK,79 NORTH 10 STREET,1945,O1
BK,375 JOHNSON AVENUE,1920,F5
BK,72 BOGART STREET,1930,F5
BK,379 SUYDAM STREET,1931,F5
BK,283 VAN SINDEREN AVENUE,1972,F5
BK,119 42 STREET,1935,F5
BX,1120 LEGGETT AVENUE,1927,F5
BK,405 LEONARD STREET,1960,F5
BK,37 SKILLMAN STREET,1926,F5
BK,191 CENTRE STREET,1951,F5
BK,258 ROCKAWAY AVENUE,1980,F5
BK,42 COFFEY STREET,1931,F5
BK,514 UNION STREET,1919,F5
QN,,1952,O1
BX,3318 DE LAVALL AVENUE,1965,O1
BK,5014 FT HAMILTON PARKWAY,1930,O1
MN,3270 BROADWAY,1965,O1
BK,610 SCHENECTADY AVENUE,1945,F5
QN,20-32 119 STREET,1910,F5
BK,221 BANKER STREET,1930,F5
BK,1961 UTICA AVENUE,1931,F5
BK,70 LORIMER STREET,1959,F5
QN,114-12 JAMAICA AVENUE,1930,O1
BX,3158 WEBSTER AVENUE,1923,O1
SI,1168 CASTLETON AVENUE,1940,O1
BX,923 WHITTIER STREET,1930,F5
SI,173 OLD TOWN ROAD,1968,O1
QN,89-07 ATLANTIC AVENUE,1925,O1
MN,418 EAST 115 STREET,1900,F5
QN,58-12 FRANCIS LEWIS BLVD,1956,O1
SI, STORER AVENUE,2019,F5
SI,2055 VICTORY BOULEVARD,2018,O1
BX,4332 KATONAH AVENUE,1985,O1
SI,4352 VICTORY BOULEVARD,1991,F5
BK,1102 ATLANTIC AVENUE,1930,F5
QN,,1973,O1
BK,458 LIVONIA AVENUE,1950,F5
BK,223 25 STREET,1937,F5
BX,671 TIMPSON PLACE,1931,F5
BK,110 7 AVENUE,1920,O1
QN,108-45 MERRICK BOULEVARD,1933,F5
BK,2439 BATH AVENUE,1932,O1
QN,150-45 CROSS ISLAND PARKWAY,1996,O1
BK,124 20 STREET,1930,F5
QN,32-78 47 STREET,1931,F5
SI,79 GROVE AVENUE,1931,F5
BK,654 4 AVENUE,1968,F5
MN,356 WEST 12 STREET,1922,O1
QN,71-72 70 STREET,1932,F5
BX,6132 RIVERDALE AVENUE,1993,O1
BK,103 NORTH 4 STREET,1950,F5
BK,296 WYTHE,1950,F5
BK,756 5 AVENUE,1960,F5
BK,3128 AVENUE U,1966,O1
BK,273 RUSSELL STREET,1931,F5
BX,788 SOUTHERN BOULEVARD,1937,O1
BX,349 RIDER AVENUE,1909,F5
BK,359 VAN SINDEREN AVENUE,1930,F5
BK,110 TROUTMAN STREET,1931,F5
BK,2151 UTICA AVENUE,1931,O1
QN,78-46 METROPOLITAN AVENUE,1961,O1
BK,12 BAY 49 STREET,1931,O1
BK,111 SOUTH 6 STREET,1920,F5
QN,10-63 WYCKOFF AVENUE,1931,F5
QN,59-08 55 STREET,1930,F5
QN,94-29 44 AVENUE,1948,F5
BK,221 21 STREET,1946,F5
BX,4350 BULLARD AVENUE,1957,O1
BK,850 METROPOLITAN AVENUE,1920,F5
BK,763 3 AVENUE,1920,F5
SI,304 BROAD STREET,1931,F5
BK,62 HUNTINGTON STREET,2002,F5
BK,157 11 STREET,1931,F5
BK,306 PENN STREET,1931,F5
BK,105 METROPOLITAN AVENUE,2012,F5
QN,48-09 34 STREET,1949,F5
QN,69-07 69 PLACE,1969,F5
BK,4110 3 AVENUE,1986,F5
QN,10-17 43 ROAD,1930,F5
QN,10-11 43 ROAD,2002,F5
BK,135 19 STREET,1962,F5
BK,227 INDIA STREET,1931,F5
BK,333 BOND STREET,1931,F5
BK,478 BALTIC STREET,1931,F5
BX,565 BARRY STREET,1965,F5
BK,454 BALTIC STREET,1931,F5
BK,145 50 STREET,1920,F5
BX,2353 QUIMBY AVENUE,1925,F5
BK,1026 PACIFIC STREET,1930,F5
BK,1533 60 STREET,1931,F5
BK,930 BEDFORD AVENUE,1957,F5
BK,985 EAST 35 STREET,1950,F5
BK,240 25 STREET,1955,F5
BK,323 KOSCIUSZKO STREET,1931,F5
QN,124-17 METROPOLITAN AVENUE,1950,O1
BK,60 VAN DAM STREET,1931,F5
MN,304 EAST 94 STREET,1920,F5
QN,112-40 FRANCIS LEWIS BLVD,1932,O1
SI,16 NEW DORP LANE,1931,F5
BK,561 3 AVENUE,1950,F5
BK,2346 RALPH AVENUE,2007,O1
QN,45-34 COURT SQUARE,1950,O1
QN,79-45 MYRTLE AVENUE,1931,O1
SI,209 BAY STREET,1930,O1
BK,1459 38 STREET,1930,O1
BK,171 26 STREET,1955,F5
BK,79 GRAND AVENUE,1951,F5
BX,1291 EAST BAY AVENUE,1954,O1
MN,513 WEST 207 STREET,1941,O1
QN,192-08 JAMAICA AVENUE,1954,O1
BK,421 BROADWAY,1890,F5
BK,87 LUQUER STREET,1931,F5
BK,191 CLIFTON PLACE,1920,F5
BK,2604 NOSTRAND AVENUE,1931,O1
SI,1144 HYLAN BOULEVARD,1984,O1
BK,693 STANLEY AVENUE,1950,O1
BK,19 5 STREET,1931,F5
QN,186-06 HILLSIDE AVENUE,1957,O1
BK,113 8 STREET,1931,F5
BK,1092 FLUSHING AVENUE,2004,F5
BK,101 MCDONALD AVENUE,1931,F5
BK,82 COOPER STREET,1925,F5
QN,187-39 HOLLIS AVENUE,1931,F5
MN,638 EAST 12 STREET,1958,F5
BK,373 VAN SINDEREN AVENUE,1930,F5
BK,361 VAN SINDEREN AVENUE,1930,F5
SI,347 EDISON STREET,1930,O1
BK,89 14 STREET,1931,F5
BK,140 2 STREET,1931,F5
BK,139 21 STREET,1955,F5
BK,141 21 STREET,1975,F5
BK,201 60 STREET,1931,F5
QN,103-14 NORTHERN BOULEVARD,1920,F5
BK,722 FRANKLIN AVENUE,1900,O1
BX,1536 STILLWELL AVENUE,1950,F5
BK,340 STAGG STREET,1920,F5
BK,600 JOHNSON AVENUE,1931,F5
BK,924 MEEKER AVENUE,1960,F5
BK,201 HARRISON PLACE,1930,F5
BK,180 MORGAN AVENUE,1970,F5
BK,335 MOFFAT STREET,1935,F5
BK,102 WILLIAMS AVENUE,2015,F5
BK,57 COMMERCE STREET,1950,F5
BK,61 LOMBARDY STREET,1930,F5
BK,281 LIBERTY AVENUE,1930,F5
BK,138 VAN SICLEN AVENUE,1930,F5
SI,396 TOMPKINS AVENUE,1960,F5
BK,155 20 STREET,1954,F5
QN,37-28 9 STREET,1945,F5
SI,15 PROSPECT STREET,1929,F5
BK,214 CONOVER STREET,2007,F5
BK,2030 MCDONALD AVENUE,1931,F5
BK,889 METROPOLITAN AVENUE,1969,F5
BK,1302 60 STREET,1966,F5
BK,553 63 STREET,1931,F5
BX,1201 BRONX RIVER AVENUE,1925,F5
BK,1860 UTICA AVENUE,1964,F5
SI,131 GRANDVIEW AVENUE,1932,O1
QN,5-14 47 ROAD,1931,F5
QN,11-44 31 AVENUE,1916,F5
BK,76 VAN DYKE STREET,1859,F5
BK,92 VAN DYKE STREET,1931,F5
BK,3905 15 AVENUE,1930,F5
BK,262 44 STREET,1960,F5
BK,2732 GERRITSEN AVENUE,1920,O1
SI,4282 VICTORY BOULEVARD,1931,O1
BK,93 NORTH 9 STREET,1960,O1
SI,1292 VICTORY BOULEVARD,1955,O1
BK,830A 39 STREET,1927,F5
QN,104-11 122 STREET,1950,O1
QN,162-02 TUSKEGEE AIRMEN WAY,1931,O1
BK,267 MESEROLE STREET,1920,F5
BK,225 MOORE STREET,1989,F5
QN,1815 DECATUR STREET,1931,F5
BK,1682 MCDONALD AVENUE,1931,F5
BX,1431 BASSETT AVENUE,1962,F5
BK,88 NORTH 15 STREET,1918,F5
BK,226 42 STREET,1930,F5
QN,113-19 14 ROAD,1940,F5
QN,53-53 97 PLACE,1957,F5
QN,48-05 VAN DAM STREET,1930,F5
BK,249 HURON STREET,1920,F5
BK,394 MCGUINNESS BOULEVARD,1931,F5
BK,39 HERKIMER PLACE,1910,F5
QN,36-31 33 STREET,1927,F5
BK,245 MARCUS GARVEY BLVD,1931,O1
BX,910 LONGFELLOW AVENUE,1966,F5
BK,904 DEAN STREET,1963,F5
BK,134 INGRAHAM STREET,1931,F5
MN,345 EAST 82 STREET,1930,F5
MN,505 WEST 38 STREET,1900,O1
QN,65-45 FRESH MEADOW LANE,1957,O1
BK,877 63 STREET,1931,F5
SI,63 MONTGOMERY AVENUE,1900,F5
BK,38 PORTER AVENUE,2002,F5
BK,310A SCHOLES STREET,1920,F5
BK,354 SCHOLES STREET,1920,F5
BK,2137 UTICA AVENUE,1964,O1
BK,18 RICHARDSON STREET,1920,F5
QN,95-13 ASTORIA BOULEVARD,1952,O1
SI,147 NEW DORP LANE,1931,O1
BX,448 EAST 148 STREET,1889,F5
BK,263 FREEMAN STREET,1931,F5
SI,150 GRANITE AVENUE,1977,O1
BK,867 EAST 52 STREET,1955,F5
QN,5-36 50 AVENUE,1931,F5
SI,2945 RICHMOND TERRACE,1925,F5
BX,787 EAST 138 STREET,1924,F5
BX,2388 BLACKROCK AVENUE,1990,F5
BK,98 4 STREET,1931,F5
BK,261 WATER STREET,1925,F5
QN,105-10 53 AVENUE,1931,F5
QN,64-15 GRAND AVENUE,1915,F5
QN,66-44 69 STREET,1931,O1
BK,1675 EAST NEW YORK AVENUE,1926,F5
QN,188-10 HOLLIS COURT BLVD,1932,O1
QN,133-03 METROPOLITAN AVENUE,1952,O1
QN,69-34 COOPER AVENUE,1931,F5
BK,130 BAYARD STREET,1987,F5
BX,801 EAST 241 STREET,1931,O1
BK,104 NORTH 12 STREET,1920,F5
BK,582 JOHNSON AVENUE,1931,F5
BK,260 MESEROLE STREET,1900,F5
QN,119-20 14 AVENUE,1920,F5
QN,151 6 ROAD,1965,F5
BX,791 EAST 144 STREET,1931,F5
BK,75 VAN BRUNT STREET,1931,F5
BX,800 EAST 136 STREET,1931,F5
BK,720 COURT STREET,1931,F5
BK,218 COOK STREET,1931,F5
BX,1968 EASTCHESTER ROAD,1955,O1
BX,450 SOUNDVIEW AVENUE,1931,O1
BK,111 PIONEER STREET,1931,F5
BK,1338 RALPH AVENUE,2007,F5
QN,43-43 9 STREET,1940,F5
QN,37-09 36 AVENUE,1910,F5
BK,48 2 AVENUE,1954,F5
BK,170 53 STREET,1925,F5
BK,38 FRANKLIN STREET,1931,F5
BK,1512 63 STREET,2009,F5
BK,358 MCGUINNESS BOULEVARD,1931,F5
QN,52-19 FLUSHING AVENUE,1930,F5
SI,147 WAYNE STREET,1931,F5
BK,4105 AVENUE H,1984,F5
BK,187 WYONA STREET,1930,F5
BK,1150 MANHATTAN AVENUE,1931,F5
BX,453 EAST TREMONT AVENUE,1915,F5
BK,1028 FRANKLIN AVENUE,1993,O1
BK,892 FULTON STREET,1930,F5
BK,169 NORTH 1 STREET,1920,F5
BK,9 NORTH 15 STREET,1931,F5
BK,175 BOGART STREET,1920,F5
BK,148 HINSDALE STREET,1920,F5
BK,6210 9 AVENUE,1968,F5
BK,8232 18 AVENUE,1931,O1
QN,47-22 PEARSON PLACE,1941,F5
QN,38-28 28 STREET,1957,F5
QN,43-12 54 ROAD,1964,F5
QN,73-30 GRAND AVENUE,1953,F5
QN,76-15 COOPER AVENUE,1957,F5
QN,41-28 BELL BOULEVARD,1937,O1
SI,105 WILLOW AVENUE,1931,F5
BX,1161 EAST 156 STREET,1925,F5
BK,688 COURT STREET,1936,F5
QN,57-47 47 STREET,1960,F5
QN,57-77 RUST STREET,1922,F5
QN,1645 DECATUR STREET,1924,F5
QN,1611 DECATUR STREET,1965,F5
SI,125 LAKE AVENUE,1945,F5
BX,3101 EAST TREMONT AVENUE,1931,O1
BK,62 KENT STREET,1895,O1
BK,848 EAST 43 STREET,1960,F5
BK,164 25 STREET,1960,F5
BK,239 26 STREET,1960,F5
SI,709 SHARROTTS ROAD,1985,F5
QN,88-12 QUEENS BOULEVARD,1932,O1
BK,213 FROST STREET,1910,F5
BK,33 THAMES STREET,2008,F5
QN,35-03 31 STREET,1955,F5
BK,122 5 STREET,1931,F5
BK,993 METROPOLITAN AVENUE,1920,F5
QN,105-24 148 STREET,1931,F5
BK,164 BRIGHTON 11 STREET,1940,O1
BK,508 JUNIUS STREET,1935,F5
BK,799 SNEDIKER AVENUE,1930,F5
BK,1446 39 STREET,1962,O1
BK,607 DEGRAW STREET,1931,F5
BK,904 ALBEMARLE ROAD,1948,O1
BK,536 JUNIUS STREET,1935,F5
BK,33 2 AVENUE,1915,F5
BK,42 BERGEN STREET,1931,F5
QN,,1931,O1
QN,15-15 128 STREET,1949,O1
QN,91-62 117 STREET,1930,O1
BK,122 NOSTRAND AVENUE,1931,F5
BX,3614 EAST TREMONT AVENUE,1985,O1
BK,8723 18 AVENUE,1922,F5
SI,2610 RICHMOND TERRACE,1931,F5
SI,20 CLIFTON AVENUE,1955,F5
BK,1301 GRAND STREET,1930,F5
BK,170 2 AVENUE,1908,F5
QN,86-04 ROCKAWAY BOULEVARD,1991,O1
BX,2650 PARK AVENUE,1931,F5
BK,419 ELDERT STREET,1931,F5
SI,242 MAIN STREET,1931,O1
QN,25-09 40 AVENUE,1931,F5
QN,66-72 GRAND AVENUE,1970,O1
QN,32-33 62 STREET,1950,O1
QN,45-40 51 STREET,1932,F5
QN,45-14 51 STREET,1931,F5
BK,2732 WEST 16 STREET,1930,F5
BK,18 CATHERINE STREET,1920,F5
BX,1178 EAST 180 STREET,1930,F5
BK,3820 14 AVENUE,1931,O1
BK,1117 60 STREET,1987,F5
QN,104-12 MERRICK BOULEVARD,1968,F5
QN,338 BEACH 97 STREET,1976,F5
BK,95 13 STREET,1978,F5
BK,342 MAUJER STREET,1989,F5
BK,759 CHAUNCEY STREET,1931,F5
BK,161 DIKEMAN STREET,2007,F5
BK,132 2 STREET,1931,F5
QN,24-08 45 STREET,1938,F5
BX,663 MORRIS PARK AVENUE,1927,O1
QN,11-29 IRVING AVENUE,1931,F5
BX,805 EAST 139 STREET,1948,F5
BK,8678 18 AVENUE,1928,F5
QN,11-03 43 ROAD,1930,F5
BK,62 AVENUE O,1931,F5
QN,265-03 HILLSIDE AVENUE,1966,O1
BK,117 IMLAY STREET,1931,F5
MN,48 7 AVENUE SOUTH,1922,O1
BK,54 FRANKLIN STREET,1931,F5
QN,90-33 160 STREET,1933,O1
BK,1876 PITKIN AVENUE,1992,F5
BK,140 53 STREET,1930,F5
QN,114-37 BEDELL STREET,1950,F5
BK,530 JUNIUS STREET,1935,F5
QN,10-05 WYCKOFF AVENUE,1931,F5
QN,38-68 13 STREET,1930,F5
QN,102-30 JAMAICA AVENUE,1951,O1
BK,47 4 STREET,1931,F5
BX,1801 BOONE AVENUE,1931,F5
QN,47-47 58 STREET,1929,F5
MN,306 WEST 38 STREET,1927,F5
QN,52-01 29 STREET,1931,F5
SI,360 INDUSTRIAL LOOP,1991,F5
QN,64-77 DRY HARBOR ROAD,1936,O1
BX,855 EAST 140 STREET,1948,F5
BX,477 WILLIS AVENUE,1965,O1
BK,1672 EAST NEW YORK AVENUE,1994,F5
BK,127 DIKEMAN STREET,1931,F5
BX,4519 WHITE PLAINS ROAD,1967,F5
BK,355 BUTLER STREET,1931,F5
QN,59-27 GRAND AVENUE,1988,O1
QN,59-49 58 DRIVE,1931,O1
BX,2509 WILLIAMSBRIDGE ROAD,1957,O1
BK,240 HURON STREET,1931,F5
QN,10-15 46 AVENUE,1907,F5
BX,1350 COMMERCE AVENUE,2002,O1
QN,39-31 29 STREET,1931,F5
QN,25-25 51 AVENUE,1931,F5
BK,95 CLASSON AVENUE,1965,F5
QN,31-19 FARRINGTON STREET,2000,F5
QN,47-17 27 STREET,1931,F5
BK,769 EAST 95 STREET,1930,F5
QN,42-05 97 PLACE,1953,F5
QN,78-19 JAMAICA AVENUE,1920,F5
BK,38 BERGEN STREET,1931,F5
QN,49-01 GRAND AVENUE,1960,O1
BK,455 DEGRAW STREET,1931,F5
BX,437 CASANOVA STREET,1931,F5
BK,574 3 AVENUE,1931,F5
BK,680 FLUSHING AVENUE,1931,F5
BK,5300 PRESTON COURT,1930,F5
QN,136-21A 37 AVENUE,2012,O1
QN,77-08 BROADWAY,1938,O1
BK,820 4 AVENUE,1950,F5
BK,8012 17 AVENUE,1931,F5
BX,2425 WATERBURY AVENUE,2007,O1
QN,42-04 214 PLACE,1960,O1
BK,2064 ATLANTIC AVENUE,1975,O1
BK,41 4 STREET,1960,F5
BK,33 4 STREET,1970,F5
BK,62 WASHINGTON AVENUE,1930,F5
BX,1578 STILLWELL AVENUE,1955,F5
BK,251 HINSDALE STREET,2007,F5
QN,43-35 10 STREET,1931,F5
QN,36-58 37 STREET,1930,F5
BK,311 SCHOLES STREET,1920,F5
BK,295 MESEROLE STREET,1920,F5
QN,24-49 47 STREET,2018,F5
QN,60-69 WOODHAVEN BOULEVARD,1985,O1
BK,301 AVENUE U,1931,O1
BX,1735 WEST FARMS ROAD,1931,F5
QN,40-22 23 STREET,1931,F5
MN,460 11 AVENUE,1950,O1
QN,30-47 14 STREET,1930,F5
BK,341 STAGG STREET,2007,F5
QN,66-03 BEACH CHANNEL DRIVE,1930,O1
BX,259 EAST 134 STREET,1931,F5
QN,42-11 BELL BOULEVARD,1929,O1
BK,232 JAVA STREET,2002,F5
BK,418 3 AVENUE,1920,F5
BK,394 JOHNSON AVENUE,1920,F5
BK,723 BRISTOL STREET,1961,F5
QN,102-15 159 ROAD,1966,O1
BK,1932 MCDONALD AVENUE,1931,F5
QN,40-21 24 STREET,1957,F5
BK,265 45 STREET,1958,F5
BK,831 DEAN STREET,1990,F5
BK,268 HEYWARD STREET,1959,F5
BK,38 LYNCH STREET,1899,F5
QN,132-18 32 AVENUE,1968,F5
QN,60-05 KISSENA BOULEVARD,1959,O1
QN,25-19 BORDEN AVENUE,1917,F5
BK,778 BELMONT AVENUE,1930,O1
BK,967 GRAND STREET,1920,F5
BX,865 EAST 138 STREET,1949,F5
BK,33 SOUTH 8 STREET,1910,F5
SI,340 BAY STREET,1975,O1
BK,781 EAST 94 STREET,2005,F5
BK,408 DE WITT AVENUE,1966,F5
QN,213-08 99 AVENUE,1958,O1
BX,1449 EAST 222 STREET,1955,F5
BK,82 GERRY STREET,1931,F5
BK,306 WATER STREET,1985,F5
QN,35-08 PRINCE STREET,1992,F5
BK,248 JAVA STREET,1931,F5
QN,23-55 83 STREET,2000,F5
BX,1175 LEGGETT AVENUE,1920,F5
QN,38-19 WOODSIDE AVENUE,1959,F5
BX,136 CANAL STREET WEST,1931,O1
BK,2678 GERRITSEN AVENUE,1920,O1
BX,1241 ZEREGA AVENUE,1983,O1
BK,119 INGRAHAM STREET,1931,F5
BX,533 BRYANT AVENUE,2006,F5
QN,100-35 ATLANTIC AVENUE,1950,F5
MN,531 AVENUE OF THE AMER,1953,O1
BK,9705 SEAVIEW AVENUE,1966,O1
BK,341 SCHOLES STREET,1950,F5
SI,76 BARKER STREET,1931,F5
SI,58 WEST STREET,1960,O1
BK,157 50 STREET,1920,F5
BX,1215 ZEREGA AVENUE,1996,O1
QN,59-04 55 STREET,2016,F5
QN,94-28 NORTHERN BOULEVARD,1950,F5
BK,354 36 STREET,1931,F5
BK,610 JOHNSON AVENUE,1931,F5
BK,247 MESEROLE AVENUE,1963,F5
BK,25 IRVING AVENUE,1960,F5
BX,1535 STILLWELL AVENUE,1956,O1
BK,525 CARROLL STREET,1931,F5
BK,139 BANKER STREET,1948,F5
BK,1259 FLUSHING AVENUE,1931,F5
BX,2369 LORILLARD PLACE,1931,F5
SI,526 MIDLAND AVENUE,1940,O1
BK,245 LORRAINE STREET,1931,F5
BK,207 HURON STREET,1931,F5
BK,235 GLENMORE AVENUE,1930,F5
BK,96 14 STREET,1931,F5
BK,488 BROADWAY,1931,F5
BK,965 STANLEY AVENUE,1960,F5
BK,8618 FOSTER AVENUE,1964,F5
QN,45-25 36 STREET,1953,F5
BX,2628 ST RAYMOND AVENUE,1912,F5
BK,336 MEEKER AVENUE,1930,F5
BX,780 CONCOURSE VILLAGE W,1931,F5
QN,85-28 57 AVENUE,1931,F5
SI,2828 GULF AVENUE,1940,O1
QN,24-34 45 STREET,1951,F5
BK,9920 FARRAGUT ROAD,1974,F5
BK,9313 3 AVENUE,1957,O1
BK,64 FRANKLIN AVENUE,1938,F5
BK,123 11 STREET,1920,F5
QN,40-29 24 STREET,1935,F5
QN,40-27 24 STREET,1935,F5
QN,40-08 24 STREET,1910,O1
BX,723 EAST 140 STREET,1931,F5
BK,4402 FARRAGUT ROAD,1960,F5
SI,1632 RICHMOND TERRACE,1950,F5
QN,74-01 COOPER AVENUE,1984,F5
BK,774 5 AVENUE,1960,F5
SI,145 CLOVE ROAD,1931,F5
SI,69 ROFF STREET,1931,F5
QN,29-34 30 AVENUE,1928,O1
BK,1352 39 STREET,1931,F5
QN,149-40 14 AVENUE,1930,O1
BK,218 HINSDALE STREET,1930,F5
BK,236 JOHNSON AVENUE,1920,F5
BK,2338 MCDONALD AVENUE,1931,F5
BK,129 11 STREET,1931,F5
QN,9-07 34 AVENUE,1941,F5
SI,805 HENDERSON AVENUE,1940,F5
BK,4909 CLARENDON ROAD,1931,F5
BK,1176 EAST 92 STREET,1935,O1
BK,62 SEABRING STREET,1955,F5
BK,305 24 STREET,1960,F5
BK,269 MESEROLE STREET,1920,F5
QN,14-24 118 STREET,1927,F5
QN,105-02 MERRICK BOULEVARD,1937,F5
BK,50 MORGAN AVENUE,2002,F5
BK,204 JUNIUS STREET,1992,F5
BK,517 STAGG STREET,1930,F5
QN,55-14 48 STREET,1950,O1
BK,760 ROCKAWAY PARKWAY,1957,F5
QN,15-19 128 STREET,1930,F5
BK,2495 MCDONALD AVENUE,1931,F5
QN,69-86 75 STREET,1931,F5
BK,667 KENT AVENUE,1930,F5
BK,152 44 STREET,1925,F5
BK,4302 FARRAGUT ROAD,1975,F5
BK,1229 60 STREET,1931,F5
BK,222 52 STREET,2000,F5
BK,294 COOPER STREET,1935,F5
BK,284A MESEROLE STREET,1920,F5
BX,817 EAST 140 STREET,1931,F5
BK,652 SACKETT STREET,1960,F5
BK,139 32 STREET,1931,F5
BK,15 HERKIMER PLACE,1910,F5
SI,1142 HYLAN BOULEVARD,1984,O1
QN,5-48 46 ROAD,1931,F5
QN,38-79 13 STREET,1910,F5
QN,47-19 25 AVENUE,1931,F5
BK,25 THAMES STREET,1931,F5
QN,39-20 24 STREET,1990,F5
BK,55 NORTH 9 STREET,1950,F5
QN,102-46 CORONA AVENUE,1931,F5
BK,1 WILLIAMS PLACE,1921,F5
BK,1336 RALPH AVENUE,2009,F5
BK,537 GRAND AVENUE,1989,F5
BK,218 INDIA STREET,1931,F5
BK,34 STEUBEN STREET,1956,F5
BX,2220 TIEMANN AVENUE,1975,O1
BK,9221 DITMAS AVENUE,1940,F5
QN,43-15 QUEENS STREET,1931,F5
BK,103 KING STREET,1931,F5
SI,85 NEW DORP LANE,1970,O1
QN,40-13 81 STREET,1931,O1
BX,2380 NEWBOLD AVENUE,1983,O1
MN,345 EAST 104 STREET,1920,F5
BK,621 BERGEN STREET,1910,F5
BK,66 DOBBIN STREET,2002,F5
QN,46-02 BROADWAY,1961,O1
BK,78 OAK STREET,1931,F5
BK,36 FRANKLIN STREET,1931,F5
BK,284 NORTH HENRY STREET,1960,F5
QN,2-11 BEACH 90 STREET,1920,O1
BK,595 BERRIMAN STREET,1961,F5
QN,,1931,O1
QN,26-11 123 STREET,1934,F5
BX,763 EAST 133 STREET,1931,F5
QN,18-54 42 STREET,1958,O1
QN,187-10 LINDEN BOULEVARD,1930,O1
SI,100 PARK AVENUE,1964,O1
QN,20-34 119 STREET,1922,F5
BK,289 WILLIAMS AVENUE,1988,F5
BK,101 CLASSON AVENUE,1980,F5
QN,46-01 28 AVENUE,1955,F5
BK,141 WYONA STREET,1930,F5
QN,217-40 98 AVENUE,1940,F5
BX,519 EAST 132 STREET,1931,F5
QN,72-14 MYRTLE AVENUE,1961,O1
BX,2418 BELMONT AVENUE,1931,F5
BK,344 AVENUE Y,1931,F5
QN,37-16 24 STREET,1930,F5
BK,201 RICHARDS STREET,1931,F5
BK,164 WOLCOTT STREET,1931,F5
BX,524 FAILE STREET,1988,F5
QN,107-87 100 STREET,1931,F5
BK,251 ST MARKS AVENUE,1930,F5
BK,4116 3 AVENUE,1922,F5
BX,3132 EAST TREMONT AVENUE,1998,O1
BK,218 WYCKOFF AVENUE,1931,O1
BK,1399 UTICA AVENUE,1961,F5
MN,254 WEST 35 STREET,1924,F5
BK,129 57 STREET,2000,F5
BK,109 14 STREET,1967,F5
BX,1213 BROOK AVENUE,1931,F5
BK,1073 WILLOUGHBY AVENUE,1932,F5
BK,1329 ROCKAWAY PARKWAY,1956,O1
BK,538 JUNIUS STREET,1928,F5
BK,146 SNEDIKER AVENUE,1930,F5
BK,32 CRESCENT STREET,1930,F5
BX,3928 PARK AVENUE,1967,F5
QN,14-27 BROADWAY,1910,F5
BK,13 WAVERLY AVENUE,1935,F5
QN,77-20 74 STREET,2004,O1
QN,228-06 LINDEN BOULEVARD,1948,O1
SI,3768 RICHMOND AVENUE,1950,O1
QN,231-35 MERRICK BOULEVARD,1950,O1
QN,182-19 HORACE HARDING EXPWY,1970,O1
BX,801 EAST 134 STREET,1924,F5
QN,11-07 REDFERN AVENUE,2000,F5
BK,99 13 STREET,1978,F5
QN,125-08 26 AVENUE,1950,F5
QN,102-27 84 STREET,1945,F5
QN,122-12 116 AVENUE,1960,F5
BK,80 VERNON AVENUE,1931,F5
QN,65-15 FRESH MEADOW LANE,1957,O1
BK,1839 CROPSEY AVENUE,1931,F5
QN,45-02 BROADWAY,1968,O1
QN,40-20 23 STREET,1945,F5
QN,159-22 102 STREET,1931,O1
QN,36-48 34 STREET,1920,F5
BK,135 JEFFERSON STREET,2000,O1
BK,13 CHRISTOPHER AVENUE,1925,F5
BK,1337 ATLANTIC AVENUE,1910,F5
BK,1784 ATLANTIC AVENUE,1972,F5
BK,278 MONTAUK AVENUE,1928,O1
BK,2926 CONEY ISLAND AVENUE,1931,F5
QN,72-41 BURCHELL AVENUE,1960,F5
QN,45-12 104 STREET,1930,F5
QN,72-08 51 ROAD,1932,F5
BK,185 POWELL STREET,1992,F5
QN,37-90 REVIEW AVENUE,1966,F5
QN,49-29 METROPOLITAN AVENUE,1930,F5
BK,1175 MCDONALD AVENUE,1973,F5
QN,36-41 VERNON BOULEVARD,1949,F5
BX,4324 PARK AVENUE,1931,F5
BK,638 DEGRAW STREET,1931,F5
SI,137 KREISCHER STREET,2014,F5
QN,58-26 ST FELIX AVENUE,1932,F5
QN,1820 DECATUR STREET,1931,F5
BK,217 RUSSELL STREET,1931,F5
BX,795 EAST 135 STREET,1960,F5
BK,1702 AVENUE U,1950,O1
BK,1186 UTICA AVENUE,1931,F5
BK,993 EAST 46 STREET,1960,F5
BK,2938A AVENUE R,1925,O1
BK,1679 62 STREET,1931,F5
BK,1037 60 STREET,1996,F5
BK,232 SEIGEL STREET,1989,F5
QN,,2010,O1
BK,835 REMSEN AVENUE,1967,F5
QN,37-11 29 STREET,1930,F5
QN,29-04 37 AVENUE,1953,F5
QN,39-06 CRESCENT STREET,1945,F5
QN,25-18 40 AVENUE,1931,F5
BK,229 COOK STREET,1931,F5
BK,190 MORGAN AVENUE,1969,F5
BK,342 HERZL STREET,1930,F5
BK,366 HERZL STREET,1930,F5
BK,1351 61 STREET,1960,F5
QN,174-15 HORACE HARDING EXPWY,1974,O1
BK,460 TROUTMAN STREET,1931,F5
QN,1632 GEORGE STREET,1931,F5
BK,479 BALTIC STREET,1931,F5
BK,689 MCDONALD AVENUE,1930,F5
QN,70-15 164 STREET,1955,O1
QN,37-65 104 STREET,1910,O1
QN,31-59 VERNON BOULEVARD,1930,F5
BK,156 HINSDALE STREET,1920,F5
MN,244 WEST 39 STREET,1927,F5
BK,747 EAST 96 STREET,1953,F5
BK,959 ESSEX STREET,1951,F5
BK,21 BRIDGEWATER STREET,1931,F5
BK,1140 UTICA AVENUE,1931,F5
BK,1376 39 STREET,1931,F5
SI,13 FOUR CORNERS ROAD,1971,O1
BK,1271 60 STREET,1993,O1
BK,1061 61 STREET,1969,F5
QN,148-55 HILLSIDE AVENUE,1959,O1
QN,157-01 ROCKAWAY BOULEVARD,1931,O1
QN,16-63 CODY AVENUE,1934,F5
QN,96-03 BEACH 96 STREET,1967,F5
BK,47 WILLIAMS PLACE,1921,F5
BK,40 PARK STREET,1900,F5
BK,1277 MCDONALD AVENUE,1931,F5
BK,222 RUSSELL STREET,2009,F5
QN,36-01 47 AVENUE,1931,F5
BX,3690 JEROME AVENUE,1925,O1
BK,64 RICHARDS STREET,1910,F5
BK,227 58 STREET,1965,F5
QN,5-38 46 AVENUE,1955,F5
QN,38-15 24 STREET,1949,F5
BX,4242 PARK AVENUE,1925,F5
SI,1388 RICHMOND TERRACE,1920,F5
QN,38-38 CRESCENT STREET,2000,F5
BK,1559 62 STREET,1931,F5
BK,1257 39 STREET,1931,F5
BK,602 LORIMER STREET,1940,F5
BX,784 EAST 139 STREET,1931,F5
QN,45-20 11 STREET,1931,F5
BK,326 BUTLER STREET,1931,F5
BK,526 JUNIUS STREET,1935,F5
QN,35-23 207 STREET,1956,O1
BX,724 EAST 140 STREET,1954,F5
BK,418 JOHNSON AVENUE,1931,F5
BX,11 CANAL PLACE,1931,F5
BK,483 BALTIC STREET,1962,F5
BK,1526 61 STREET,1964,F5
QN,1664 SUMMERFIELD STREET,1931,F5
BK,30 BUSHWICK AVENUE,1950,O1
BK,145 34 STREET,1960,F5
QN,98-19 103 AVENUE,1931,O1
BK,417 BROADWAY,1920,F5
BK,230 JAVA STREET,1931,F5
SI,165 WINDSOR ROAD,1955,O1
BK,154 BERRIMAN STREET,1930,F5
BX,888 LONGFELLOW AVENUE,1962,F5
BK,365 ST MARKS AVENUE,1930,F5
BK,2529 ATLANTIC AVENUE,1910,F5
BK,209 POWELL STREET,1992,F5
QN,59-01 54 STREET,1930,F5
BK,126 56 STREET,1931,F5
BK,2050 UTICA AVENUE,1930,F5
QN,10-35 44 DRIVE,1913,F5
BX,1747 JEROME AVENUE,1920,F5
BK,8 PRESTON COURT,1953,F5
BK,2 PRESTON COURT,1952,F5
QN,36-38 35 STREET,1957,F5
BX,138 BRUCKNER BOULEVARD,1931,F5
BK,267 41 STREET,1989,F5
BK,172 3 AVENUE,1931,F5
BK,1336 39 STREET,1931,F5
BX,525 BARRETTO STREET,2013,F5
BX,3528 ROMBOUTS AVENUE,1940,O1
BK,982 39 STREET,1930,F5
BK,175 VAN DYKE STREET,1900,F5
QN,57-13 59 STREET,1950,F5
QN,72-36 BURCHELL AVENUE,1967,F5
SI,74 LINCOLN AVENUE,1965,O1
QN,35-02 42 STREET,1925,F5
BK,566 JOHNSON AVENUE,1931,F5
QN,25-20 49 AVENUE,1931,F5
SI,289 DONGAN HILLS AVENUE,1964,O1
BK,335 36 STREET,1984,F5
QN,10-30 WYCKOFF AVENUE,1931,F5
BK,1035 60 STREET,1996,F5
MN,329 WEST 36 STREET,1924,F5
BK,168 DOUGLASS STREET,1931,F5
BX,3955 EAST TREMONT AVENUE,1994,O1
BX,449 EAST 173 STREET,1931,F5
QN,149-01 95 AVENUE,1931,F5
BK,222 44 STREET,1918,F5
BK,642 LIBERTY AVENUE,1910,O1
BK,411 KENT AVENUE,1920,F5
SI,2760 AMBOY ROAD,1955,O1
BK,49 BAY 49 STREET,2001,F5
QN,24-18 41 STREET,1930,F5
BX,1426 FERRIS PLACE,2012,O1
QN,97-01 BEACH CHANNEL DRIVE,1986,F5
BK,608 DEGRAW STREET,1931,F5
QN,37-32 10 STREET,1951,F5
BK,529 EAST NEW YORK AVENUE,1930,F5
BK,180 MORGAN AVENUE,1970,F5
BK,2584 PITKIN AVENUE,1997,F5
BK,214 49 STREET,1988,F5
QN,10-11 46 AVENUE,1931,F5
BK,193 BANKER STREET,1931,F5
BK,222 MOORE STREET,1931,F5
QN,37-18 12 STREET,2002,F5
QN,245-14 HOOK CREEK BOULEVARD,1931,F5
QN,,1931,O1
BK,2173 UTICA AVENUE,2005,O1
BK,8118 13 AVENUE,1931,O1
QN,39-30 CRESCENT STREET,1931,F5
QN,37-25 24TH STREET,1948,F5
BK,106 BALTIC STREET,1931,F5
QN,32-61 111 STREET,1940,F5
BK,81 GRAND AVENUE,1951,F5
QN,46-08 37 AVENUE,1931,F5
BK,1292 WILLOUGHBY AVENUE,1931,F5
BK,178 STOCKHOLM STREET,1931,F5
SI,1058 FOREST AVENUE,1967,O1
BK,217 VAN SICLEN AVENUE,1935,F5
QN,127-16 34 AVENUE,1955,F5
BK,1818 MCDONALD AVENUE,1931,F5
QN,199-22 58 AVENUE,2005,O1
BK,2730 WEST 16 STREET,1930,F5
QN,23-05 40 AVENUE,1920,O1
BK,126 THROOP AVENUE,1931,F5
BK,387 COLUMBIA STREET,1931,F5
QN,33-72 11 STREET,1941,F5
BK,161 BEARD STREET,1931,F5
BK,8412 FOSTER AVENUE,1967,F5
QN,12-04 44 AVENUE,1931,F5
BK,147 42 STREET,1955,F5
BK,1451 39 STREET,1930,F5
BK,159 BAY 11 STREET,1925,F5
BK,864 RALPH AVENUE,1931,O1
BK,24 FRANKLIN STREET,1931,F5
QN,16-13 STEPHEN STREET,1931,F5
BK,924 BERGEN STREET,1930,F5
BK,115 WOLCOTT STREET,1959,F5
QN,31-24 14 STREET,1959,F5
SI,5385 ARTHUR KILL ROAD,1931,F5
BK,135 SUYDAM STREET,1931,F5
BX,5 ELM TREE LANE,1931,F5
QN,39-34 CRESCENT STREET,1931,F5
SI,34 VAN STREET,1981,F5
SI,2 DUBOIS AVENUE,1940,O1
QN,169-27 LIBERTY AVENUE,1936,F5
QN,178-08 93 AVENUE,1957,O1
QN,112-08 LIBERTY AVENUE,1931,O1
QN,117-05 115 AVENUE,1935,O1
BK,7317 6 AVENUE,1991,O1
BK,291 WALLABOUT STREET,1931,F5
BK,304 GREENPOINT AVENUE,1931,F5
QN,26-34 3 STREET,1963,F5
BX,1828 CEDAR AVENUE,1930,F5
BK,321 KOSCIUSZKO STREET,1931,F5
BX,1866 WOOD AVENUE,1930,O1
BK,188 JUNIUS STREET,1971,F5
BK,220 CLIFTON PLACE,1960,F5
BK,246 CENTRAL AVENUE,1995,F5
BK,4812 FARRAGUT ROAD,1931,F5
QN,258-01 HILLSIDE AVENUE,1978,O1
QN,109-12 JAMAICA AVENUE,1930,O1
BK,8918 GLENWOOD ROAD,1950,O1
QN,37-10 REVIEW AVENUE,1930,F5
BK,2701 EMMONS AVENUE,1984,O1
BX,2815 WATERBURY AVENUE,1930,O1
BK,77 COMMERCE STREET,1931,F5
BK,280 24 STREET,1987,F5
BK,604 GRAND AVENUE,1930,F5
BK,124 MONTGOMERY STREET,1920,F5
BK,137 NORTH 4 STREET,1950,F5
BK,1167 EAST NEW YORK AVENUE,1930,O1
BK,126 PATCHEN AVENUE,1931,F5
BK,1269 ATLANTIC AVENUE,1910,F5
BK,32 TAAFFE PLACE,1953,F5
BK,170 CLASSON AVENUE,1931,F5
BK,406 PARK AVENUE,1939,F5
BK,210 BROADWAY,1910,F5
BK,280 FRANKLIN STREET,1931,F5
BK,300 GREENPOINT AVENUE,1930,F5
BK,33 DOBBIN STREET,2008,F5
BK,840 LORIMER STREET,1931,F5
BK,993 GRAND STREET,1930,F5
BK,184 MORGAN AVENUE,1965,F5
BK,557 JOHNSON AVENUE,1979,F5
BK,1267 FLUSHING AVENUE,1931,F5
BK,932 GRAND STREET,1920,F5
BK,336 MAUJER STREET,1989,F5
BK,26 MEADOW STREET,1920,F5
BK,1094 FLUSHING AVENUE,1992,F5
BK,2515 ATLANTIC AVENUE,1910,F5
BK,587 ATKINS AVENUE,1966,F5
BK,971 STANLEY AVENUE,1964,F5
BK,4801 GLENWOOD ROAD,1955,F5
BK,258 JOHNSON AVENUE,1920,F5
QN,43-22 10 STREET,1953,F5
QN,247-30 NORTHERN BOULEVARD,1961,O1
BK,2214 SURF AVENUE,1935,F5
BK,561 JOHNSON AVENUE,1964,F5
BK,1590 TROY AVENUE,1960,F5
BK,8313 DITMAS AVENUE,1988,F5
QN,52-01 31 PLACE,1931,F5
QN,52-28 37 STREET,1954,F5
QN,39-14 REVIEW AVENUE,1930,F5
QN,38-54 RAILROAD AVENUE,1931,F5
QN,43-58 11 STREET,1931,F5
QN,14-30 ASTORIA BOULEVARD,1963,F5
QN,43-23 91 PLACE,1961,F5
QN,41-43 24 STREET,1930,F5
BK,948 JAMAICA AVENUE,1986,F5
QN,48-25B METROPOLITAN AVENUE,1949,F5
QN,56-10 GRAND AVENUE,2014,F5
QN,58-58 GRAND AVENUE,1950,O1
QN,63-63 WOODWARD AVENUE,1922,F5
QN,16-18 WEIRFIELD STREET,1966,F5
QN,16-36 CENTRE STREET,1931,F5
QN,64-06 ADMIRAL AVENUE,1969,F5
QN,64-19 CENTRAL AVENUE,1931,F5
QN,69-72 75 STREET,1985,F5
QN,79-02 71 AVENUE,1930,F5
QN,150-50 11 AVENUE,1949,F5
QN,14-32 149 STREET,1960,O1
QN,,1968,F5
QN,133-45 39 AVENUE,2017,O1
BK,230 39 STREET,1998,F5
BK,293 AVENUE Z,1931,O1
QN,162-38 PIDGEON MEADOW ROAD,1931,F5
BK,4117 NEW UTRECHT AVENUE,1930,F5
QN,46-98 192 STREET,1946,O1
QN,209-44 35 AVENUE,1960,O1
QN,212-35 42 AVENUE,1951,O1
QN,79-57 COOPER AVENUE,1996,F5
BK,220 INDIA STREET,1931,F5
QN,70-32 84 STREET,1942,F5
BK,2716 WEST 15 STREET,1933,F5
BX,341 EAST 150 STREET,1931,F5
QN,247-25 JERICHO TURNPIKE,1974,O1
QN,35-43 9 STREET,1941,F5
QN,86-39 102 AVENUE,1940,F5
QN,100-02 91 AVENUE,1928,F5
QN,101-16 101 AVENUE,1930,F5
BK,88 WATERBURY STREET,1971,F5
BK,192 24 STREET,1935,F5
QN,145-50 LIBERTY AVENUE,1962,F5
QN,147-12 LIBERTY AVENUE,1931,F5
QN,139-20 109 AVENUE,1950,F5
QN,162-06 TUSKEGEE AIRMEN WAY,1931,O1
QN,116-58 NEWBURG STREET,1931,F5
QN,120-18 ROCKAWAY BOULEVARD,1989,F5
QN,137-30 ROCKAWAY BOULEVARD,1933,F5
QN,115-25 MERRICK BOULEVARD,1930,O1
BK,187 POWELL STREET,1992,F5
QN,165-35 145 DRIVE,1968,F5
QN,,1943,O1
QN,14-15 REDFERN AVENUE,1930,F5
QN,19-08 BROOKHAVEN AVENUE,1930,O1
QN,320 BEACH 97 STREET,1984,F5
SI,259 VICTORY BOULEVARD,1900,O1
SI,17 RECTOR STREET,1970,O1
QN,12-88 CENTRAL AVENUE,1997,O1
BK,116 KING STREET,1931,F5
BK,341 SOUTH 1 STREET,1960,F5
BK,1829 CONEY ISLAND AVENUE,1931,F5
BK,498 PRESIDENT STREET,1931,F5
QN,170-30 DOUGLAS AVENUE,1965,F5
BK,111 14 STREET,1963,F5
QN,36-55 36 STREET,1910,F5
BK,176 HOPE STREET,1950,F5
BK,2152 FLATBUSH AVENUE,1968,O1
BK,357 LOGAN STREET,1930,F5
QN,264-04 UNION TURNPIKE,1950,O1
BK,291 24 STREET,1930,F5
BX,396 MORRIS PARK AVENUE,1930,F5
BK,676 HART STREET,1931,F5
BK,796 DEAN STREET,1930,F5
BK,984 GRAND STREET,1931,F5
SI,486 INDUSTRIAL LOOP,1994,F5
MN,4 DOYERS STREET,1977,O1
QN,31-21 FARRINGTON STREET,2000,F5
QN,131-34 41 AVENUE,2017,F5
BX,3934 PARK AVENUE,1925,F5
BX,2480 ROWE STREET,1962,F5
QN,120-14 ROCKAWAY BOULEVARD,1960,F5
QN,47-09 30 STREET,1925,F5
BK,988 EAST 49 STREET,1931,F5
BK,7804 3 AVENUE,1928,O1
SI,844 JEWETT AVENUE,1997,O1
BX,3741 WHITE PLAINS ROAD,1927,F5
QN,37-12 30 STREET,2000,F5
BK,509 3 AVENUE,1931,F5
BX,520 CASANOVA STREET,1969,F5
SI,1298 VICTORY BOULEVARD,1955,O1
QN,46-01 5 STREET,1963,F5
BX,270 RIDER AVENUE,1931,F5
BK,681 MCDONALD AVENUE,1930,F5
BK,2875 WEST 8 STREET,1946,O1
SI,450 SEAVIEW AVENUE,1983,O1
BK,14 CLAY STREET,1931,F5
SI,496 MOSEL AVENUE,1940,O1
BK,570 LIBERTY AVENUE,1935,F5
BK,818 MCDONALD AVENUE,1933,F5
BK,142 19 STREET,1958,F5
BK,1845 UTICA AVENUE,1972,O1
QN,174-11 HORACE HARDING EXPWY,1974,O1
BX,1049 EAST GUN HILL ROAD,1930,F5
QN,15-39 130 STREET,1930,F5
QN,112-14 LIBERTY AVENUE,1931,O1
QN,92-02 LIBERTY AVENUE,1992,O1
QN,45-05 102 STREET,1940,F5
SI,1877 CLOVE ROAD,1960,O1
SI,1865 CLOVE ROAD,1931,O1
BK,217 BOND STREET,2006,F5
BK,1043 39 STREET,1931,O1
QN,56-69 58 STREET,1931,O1
BK,769 CHAUNCEY STREET,1931,F5
BK,21 CHRISTOPHER AVENUE,1925,F5
SI,113 WINANT STREET,1931,O1
BK,1404 WEST 3 STREET,1931,O1
BK,294 HAMILTON AVENUE,1931,F5
QN,23-01 BORDEN AVENUE,1931,F5
BK,219 VAN BRUNT STREET,1960,F5
QN,38-20 RAILROAD AVENUE,1965,F5
BK,3030 WEST 22 STREET,1935,F5
QN,155-45 LINDEN BOULEVARD,1931,F5
BK,25 LEXINGTON AVENUE,1931,F5
QN,41-14 24 STREET,1901,F5
MN,107 NORFOLK STREET,1920,O1
BK,942 GRAND STREET,1920,F5
BK,242 JAVA STREET,1931,F5
BK,557 3 AVENUE,1931,F5
BK,98 VAN DYKE STREET,1931,F5
BK,68 VAN DYKE STREET,1931,F5
BK,342 TEN EYCK STREET,1920,F5
BX,1821 WESTCHESTER AVENUE,2004,O1
BK,747 BEDFORD AVENUE,1931,O1
QN,5-20 50 AVENUE,1931,F5
BK,182 SIGOURNEY STREET,1931,O1
BK,698 CENTRAL AVENUE,1931,F5
SI,124 BUEL AVENUE,1950,O1
SI,205A CHESTNUT AVENUE,1988,F5
QN,3829 24 STREET,1930,F5
BK,505 DRIGGS AVENUE,1920,F5
BK,70 JAVA STREET,1931,F5
BK,61 MILTON STREET,1931,F5
BK,49 FROST STREET,1920,F5
BK,1283 GRAND STREET,1960,F5
BX,5925 BROADWAY,1930,O1
SI,6735 AMBOY ROAD,1939,O1
QN,23-11 37 AVENUE,1941,O1
BK,31 COFFEY STREET,1931,F5
BK,1154 60 STREET,1931,O1
BX,1735 ST PETERS AVENUE,1956,F5
BK,2028 UTICA AVENUE,1930,F5
QN,102-16 101 AVENUE,1930,O1
SI,1947 RICHMOND TERRACE,1950,F5
BK,233 JAVA STREET,1931,F5
BK,242 EAGLE STREET,1931,F5
QN,174-03 HORACE HARDING EXPWY,1967,O1
QN,112-17 159 STREET,1970,F5
BK,2971 CONEY ISLAND AVENUE,1985,F5
QN,5-21 46 ROAD,1939,F5
BK,842 64 STREET,1992,F5
BK,299 24 STREET,1930,F5
BK,712 HICKS STREET,1929,F5
QN,35-18 37 STREET,1929,F5
BK,67 ENGERT AVENUE,1890,F5
BK,1342 RALPH AVENUE,2009,F5
BK,128 25 STREET,1945,F5
BX,767 EAST 132 STREET,1931,F5
QN,45-28 11 STREET,1931,O1
QN,59-37 DECATUR STREET,1931,F5
QN,65-37 FRESH MEADOW LANE,1957,O1
SI,151 LAKE AVENUE,1945,F5
BX,1230 ZEREGA AVENUE,1986,O1
BK,5107 7 AVENUE,1930,O1
BK,491 WORTMAN AVENUE,1950,F5
BK,1011 MCDONALD AVENUE,1933,F5
BK,352 PINE STREET,1930,F5
BX,1122 WASHINGTON AVENUE,1947,F5
MN,15 WEST 46 STREET,1920,F5
BK,1294 UTICA AVENUE,1957,F5
QN,31-21 THOMSON AVENUE,1968,O1
QN,182-09 HORACE HARDING EXPWY,1966,O1
BK,758 HUMBOLDT STREET,1931,F5
BK,1655 MCDONALD AVENUE,1931,F5
BK,90 20 STREET,1990,F5
BK,389 MELROSE STREET,1931,F5
QN,44-15 BARNETT AVENUE,1961,O1
BK,220 NORTH 8 STREET,1960,F5
BK,747 BELMONT AVENUE,1925,F5
BK,511 BELMONT AVENUE,1925,F5
BK,321 MAUJER STREET,1931,O1
BK,40 FROST STREET,1960,F5
BK,2460 ATLANTIC AVENUE,2012,F5
QN,150-44 11 AVENUE,1940,F5
QN,34-43 10 STREET,1931,F5
QN,35-11 9 STREET,1930,F5
QN,35-50 10 STREET,1931,F5
BK,269 5 AVENUE,2005,O1
BK,209 EVERGREEN AVENUE,1950,F5
BX,1315 RANDALL AVENUE,1954,F5
BK,78 INGRAHAM STREET,1931,F5
BK,27 KNICKERBOCKER AVENUE,1931,F5
BK,5619 FT HAMILTON PARKWAY,1931,O1
QN,15-35 128 STREET,1949,O1
QN,36-31 32 STREET,2016,F5
BK,11 DEVOE STREET,1930,F5
QN,45-25 47 STREET,1960,O1
BK,248 BOERUM STREET,2007,F5
BK,278 BOERUM STREET,1931,F5
BK,184 VARET STREET,1931,F5
QN,54-26 ARNOLD AVENUE,1915,F5
QN,32-78 31 STREET,1940,O1
QN,218-31 97 AVENUE,1931,O1
QN,60-40 FRESH POND ROAD,1955,O1
BK,83 JEFFERSON STREET,1931,F5
BK,421 TROUTMAN STREET,1931,F5
QN,11-24 WYCKOFF AVENUE,1958,F5
BK,92 20 STREET,1990,F5
QN,124-08 METROPOLITAN AVENUE,1931,O1
SI,707 SHARROTTS ROAD,1960,F5
SI,141 LAKE AVENUE,1945,F5
BK,662 LIVONIA AVENUE,1930,F5
BK,412 39 STREET,1968,F5
SI,2508 AMBOY ROAD,1960,O1
BK,1676 EAST NEW YORK AVENUE,1922,F5
BK,1825 UTICA AVENUE,1953,F5
BX,2454 3 AVENUE,1990,F5
